rec_id,stage,public
ODJ0HKc0Vq.npy,W,True
6q78aBibSV.npy,W,False
iTrNBWkgm5.npy,W,False
eDizgkIT6N.npy,W,False
OKql19s74U.npy,W,False
slinDR5sma.npy,W,False
6n4FRv5pBF.npy,W,False
gdAZaWX3Mx.npy,W,False
RRo2o91Cyt.npy,N2,True
aZVQc39P2l.npy,N2,False
TSfLsU03eB.npy,N2,False
rKWJwiZ5S6.npy,N2,False
3RHdOZcEhF.npy,N2,False
PvSSjj7NUe.npy,N3,False
OFb7Yf5OS7.npy,N3,False
HZEH4X3MUl.npy,N3,True
0Gfy7Fu4Rk.npy,N3,False
Q4RsCnvlAd.npy,N3,False
emrVDJYUhH.npy,N3,True
jY7nEBHdeE.npy,N3,True
uvFGmMxoFR.npy,N3,False
5Vm8ugYU3f.npy,N3,False
toCJ0lcvcM.npy,N3,False
b5mjZ8lyBM.npy,N3,False
VZLB4fE5j6.npy,N3,True
fblaes8ImS.npy,N3,False
jUjXoV9HDc.npy,N3,False
jhKjelkeyb.npy,N3,True
FaIFwfNeNI.npy,N3,True
C7jNtRusYD.npy,N3,True
kquy37N52I.npy,N3,False
f9KsD5yqET.npy,W,False
yyYUhqlcGp.npy,N1,True
Zn4gGMsvBa.npy,N2,True
VH0ZLWCQdE.npy,N2,False
ATFDM83mjn.npy,N2,False
qYBwn7mcuN.npy,N2,False
H4eP2bBmzs.npy,N2,False
j1Fw4G0OyY.npy,N2,False
ebTjpN1LVY.npy,N2,False
a9Gqa8Gfcp.npy,N2,False
Pjbo1MEAK3.npy,N2,False
eS4YYxEtI2.npy,N2,False
nW0Di3mu4P.npy,N2,False
AmDPCLqXYk.npy,N2,False
q5D4TygskP.npy,N2,False
VccMgy34rY.npy,N2,False
Nzz3dXUOz0.npy,N2,False
7Ujf50AvoK.npy,N3,False
oRsG5dgane.npy,N3,False
62uLeidqTZ.npy,N3,True
i6eAmy5Ide.npy,N3,True
A7APWpvj8q.npy,N3,False
Lo0UJjV5IA.npy,N3,False
CRYudNFe4p.npy,N3,False
YyEdz5Q94l.npy,N3,False
j0kSkKZb5C.npy,N3,False
Ihmp2qGP4I.npy,N3,False
BSCKq4xaHc.npy,N3,True
tXOGjmOIER.npy,N2,True
WsbGoPN2TC.npy,W,False
hDJxsN9xFH.npy,N1,True
j9K2aCvT0b.npy,R,False
iq3g82Ku48.npy,R,False
Qh3MRdi9lM.npy,W,False
4k9qGEfVzI.npy,W,False
CHPWkkTyvF.npy,W,True
J5B7fX38z7.npy,W,False
tgtWwb8B1q.npy,W,False
2M9puXb2bg.npy,W,True
BlpRMxXWkQ.npy,W,False
Yn0ABcsZcw.npy,N1,False
fEKNx2IUQv.npy,N1,True
Hq3XBEZiRe.npy,N1,False
fJz4oQtqnZ.npy,W,False
p5dT4R8Zd4.npy,N1,True
fwWP2WjlyZ.npy,N2,True
zt64gCHR9P.npy,N2,False
MNTQT9rFWL.npy,N2,False
J3qx4UgyYM.npy,N2,False
0Q3VCvbrcR.npy,N2,False
dzMXqIoi33.npy,N2,False
rfEgmUGq4e.npy,N2,True
VRnzqnVMtL.npy,N2,False
SEpxEaaVs6.npy,N2,True
4vyRkNW2Fa.npy,N2,False
Vy2WLz4G7z.npy,N2,False
zpHh6GaAtC.npy,W,False
gJkzp6ayPR.npy,W,False
UGalc40AUl.npy,N2,False
zOUbBGcGJ4.npy,N2,False
hcsT4Dr3ky.npy,N2,True
D7ZiyWC5zL.npy,N2,False
ZrpasyYoVy.npy,N2,False
n8bjEJ7O9k.npy,N2,True
Id1Stca0ZW.npy,R,False
Hr2FobjwX5.npy,R,False
8PgG7oWGuF.npy,R,False
61LqYojJGx.npy,R,False
SYv1umBg5b.npy,R,False
WTB2o6APRk.npy,R,False
KnWYr2hUV1.npy,R,True
fBVnj4ajXm.npy,R,True
065z86R0hI.npy,W,True
S1MGr9m01K.npy,R,False
1ogtXOj3Tr.npy,R,False
KPBU2KhyXu.npy,R,False
xAnZp0SRWG.npy,R,False
P72qbJQ0a4.npy,R,False
NtbbuA2Bdq.npy,R,False
5qnVj3g5cY.npy,N2,True
1lVdwdQJae.npy,N2,True
sPKkUP6AWa.npy,N2,False
2n6NRqjOAQ.npy,N2,False
lQIJ1DCh9i.npy,N2,True
B8IBYCMckC.npy,N2,True
qMRlLOD97n.npy,N2,True
2JAYrNPa8r.npy,N2,False
ibhQetNp94.npy,N2,False
sPkP8rAm6G.npy,N2,True
fHEQqCQknc.npy,N3,True
JsJutWP5Bu.npy,N3,False
yYqQxIQ0fZ.npy,N3,True
wwyNGZuPXR.npy,N3,False
KGPMLULAXV.npy,N3,False
MQd5p429mT.npy,N3,True
l4jsUhZ0fF.npy,N3,False
yjL8GqNRqu.npy,N3,True
Kux7TOGiBA.npy,N3,True
F8v8gp1ufH.npy,N3,False
yCH0hhYOQj.npy,N3,False
vpimLYStSn.npy,N3,False
WaHVPO7lHz.npy,N3,False
mG0S5Op34N.npy,N2,False
pcsoZJ7q6w.npy,N2,True
VslkF319HK.npy,N2,True
mUpMw9zPbn.npy,R,True
o1syBbISI8.npy,R,False
bnMVpmv5ka.npy,R,False
j1HfYo5R7G.npy,R,False
1ZVqjKvLYt.npy,R,False
ETVKiNZ56I.npy,N2,True
8CpW0s6nUF.npy,N2,True
oJtcYA0Dj3.npy,W,False
BFrJLJjDaP.npy,W,False
tHYSkOfsgv.npy,W,False
WeNcwccxO9.npy,W,False
NOm2mhCY5b.npy,W,True
OAxo4exaM7.npy,N2,True
YQ7Jh8oJbG.npy,N2,False
DTZG7gTZQH.npy,N2,True
Qd75XnABEH.npy,N2,False
ViLryhGu3L.npy,N2,False
5ZI0R3CbWz.npy,N2,True
YtdC17BYjg.npy,N2,True
VJ32MOJAqz.npy,N2,False
D2yHqCiM9A.npy,N2,False
BGnheBKvSQ.npy,N2,False
5OLDKO9jWM.npy,N2,False
iaeTEx0pdX.npy,N2,True
Ig9QBj4Aoi.npy,N2,False
JaybOE3gDU.npy,N2,True
1JLYF2VzYj.npy,N2,False
ja7pL827Hg.npy,N2,False
JXIn6SC3HZ.npy,N2,True
gYQyivUzGZ.npy,N2,False
xbj0YDGw66.npy,N2,False
bMcDn5CN0F.npy,N2,False
WAoOXVBjkq.npy,N2,False
DDrLgWkYFh.npy,N2,False
pd9p2igfj0.npy,N2,False
MJG2bUB52a.npy,N2,True
h8J2Ifhusr.npy,N2,True
Z8DLZ4cBqe.npy,R,False
fsPusWOJ9m.npy,R,False
c3jSfYvGV2.npy,R,False
qW5LNVNkzI.npy,R,False
jOJIso2Las.npy,R,False
A1aggRtQRw.npy,R,False
epLDVCSMGd.npy,R,False
MYW3DXnVQH.npy,R,True
264umHsYqG.npy,W,False
CuxMi4xUFu.npy,W,False
jBwttV8qcp.npy,N1,False
qYYFeo4fyZ.npy,N2,True
M9oOaCky85.npy,N2,False
l8UcKGNFUl.npy,N2,False
89WX67T2qZ.npy,N2,False
0Pc06MvJz6.npy,N2,True
XA7MqaltVG.npy,N2,False
ZDVLfQgEL3.npy,N2,False
bqBSdFghX7.npy,W,True
ToIGUVI3cJ.npy,W,False
BB8271YovT.npy,W,False
FXJenOzJ8N.npy,W,False
cu0hMNfQYH.npy,W,True
h5FrEdwK4D.npy,W,False
Liqk3iAgdk.npy,W,False
QS8hJFLeKQ.npy,W,False
Uml5kJjVVk.npy,W,True
DplmUbLnxg.npy,W,False
WsTdoRiO1P.npy,W,False
yPCQwxOFle.npy,W,False
oh1EHpTnjn.npy,W,False
X1yJ6mQaDH.npy,W,True
T1pOxbR7SA.npy,W,False
WGPNfPyI88.npy,W,True
wBwJY8cmHb.npy,N1,False
X3mztJx77r.npy,N2,False
L17P6B2kAz.npy,N3,False
KZgFDUVZAf.npy,N3,False
4R3L7N0Obz.npy,N3,True
IKUzzdKnbd.npy,N3,False
PWwGlqQPke.npy,N3,True
F5koJNGqVD.npy,N3,False
UccqzVpAz9.npy,N3,True
4ZwLt3HfHx.npy,N3,True
yiRlSZgWnf.npy,N3,True
yyUsxKiG8x.npy,N3,False
L90GOzgjkB.npy,N3,True
oIXxBQ9HWQ.npy,N3,True
qPpXqA2xQd.npy,N3,False
Nd8SWDWU9E.npy,N3,True
0F0PDYFeU0.npy,N3,True
Oqdj2aY5Ed.npy,N3,True
qnSLfpjqOv.npy,N3,True
S5KyRPffYM.npy,N3,False
wLYak60XOE.npy,N3,False
72dvYKUzuA.npy,N3,False
XDmFV8d301.npy,N3,False
0jYo6XIqa6.npy,N3,False
qnpTX6BY4f.npy,N3,True
IeApxholyo.npy,N3,False
g0V6e0mwpa.npy,N3,False
vaJasYkubW.npy,N2,True
oPObXS3q2w.npy,N2,True
QalvR3B5we.npy,N2,True
0rHNHVR56R.npy,N3,True
JB3xqwaTku.npy,N3,False
1Apueqdchn.npy,N3,True
u3OHlD7imu.npy,N3,True
p7DQQdRPzr.npy,N3,True
ngIZYqQ301.npy,N3,False
g0Dx1x1Mm5.npy,N3,False
w1gaYGHAcL.npy,N3,False
6ZwE1XEGtl.npy,W,False
HNvWGeqqAa.npy,N2,True
eQOfwFcm4c.npy,N2,False
TtwYbHX1KQ.npy,N2,True
yvDPGEiOx1.npy,N3,False
9ll8x00xK4.npy,N3,False
KGaKGNb3lJ.npy,N2,True
MqqgFf3cDM.npy,N2,False
5hEC5TApPP.npy,N2,False
VrOZZf1apq.npy,N2,False
eLTPVKy1iw.npy,N2,True
q9Iqjzc8q8.npy,N2,False
Rf0bbVfP59.npy,N2,False
Kfan4hUCF3.npy,N2,False
oahVaHLJ7U.npy,N2,False
dfd5pm3gOs.npy,N2,False
1z04oE2EG4.npy,N2,False
fZVi2Q6w9f.npy,N2,False
hgSfMH2RsT.npy,N2,True
rxbXFC03hv.npy,N2,False
sRhx9YmKUR.npy,N2,False
QCmg6WKOHU.npy,N1,True
LpBQvyJPJK.npy,N2,False
Sea7tPjNTU.npy,N2,False
NpQJe4T0C9.npy,N2,False
OV0fcbkfyT.npy,N1,False
imVN4LxE0Y.npy,N2,False
Ha89QhcaNZ.npy,N2,False
cZdcaCFGGk.npy,N2,False
X84tVd0L1A.npy,N2,True
xZYYpPm59C.npy,N2,False
OeKxjnomWX.npy,N2,False
6lkEvbntUL.npy,N3,False
PAFUkfJAad.npy,N3,False
O2XuYoeWuH.npy,N3,False
PXpejY8kKY.npy,N3,False
IDGXnWEI2M.npy,N3,False
q4czwikreA.npy,N3,False
IT3ZN6D33g.npy,N3,False
QY7dYE4RlF.npy,N3,True
Rw34NYNFnz.npy,N3,False
uwkXegbyjt.npy,N3,False
mTPvKQdG9U.npy,N3,False
4c8dK7xSMn.npy,N3,False
0fv0Y0wKLO.npy,N3,False
AXKl8HNrUG.npy,N3,False
cxb1CVuqKv.npy,N3,True
L5vf9gPmmT.npy,N3,True
B88XP3AeNk.npy,N3,False
hloDySLUlR.npy,N3,True
PGkjm2YOC6.npy,N3,True
6EgLyJ8I5Q.npy,N3,False
FF4iCcQO3E.npy,N3,False
uTnuR6J7Vt.npy,N2,False
5IhqYghuqi.npy,N2,False
1Yv7gQHWU6.npy,N2,False
LxTiKLYDGW.npy,N2,False
hipSZd0FBf.npy,R,False
CgfJ2aUCYY.npy,R,False
rYpiF3RxKw.npy,R,False
u3GW0FUErL.npy,R,False
CB0a2qcwq2.npy,R,False
PIfhkPtgeV.npy,N2,False
yUcXqspdKv.npy,N2,True
3yh3jgGHo2.npy,N2,False
reqsfndL1v.npy,N2,False
LWIqK8RoNZ.npy,N2,False
goDBCKXJwt.npy,N2,True
9y3ir3Fmhh.npy,N2,True
0WcQb3uNy5.npy,N2,True
CC0S9aI4NI.npy,N2,True
S5QKnzaDxV.npy,N2,True
FUToiq8tvo.npy,N2,False
4SXf1axjSl.npy,N2,False
ElsYSA1bWm.npy,N2,True
0xohhCxQmt.npy,N2,True
7ABGXqRlqr.npy,N2,False
2cacfzZdwx.npy,N2,False
4q98t5NiN4.npy,N2,False
JaVLBgOXij.npy,N2,False
a036OuW3D2.npy,N2,True
IPfYlW2dgX.npy,N2,False
PSqiGdYokd.npy,N2,True
8H40mmIq0B.npy,N2,False
U8v9NqUq1v.npy,N2,False
15WsoihLej.npy,N2,False
Z1DNk0gdPU.npy,N2,True
glj4zXbWby.npy,N2,False
YOU2j0brPq.npy,N2,True
tmDczex3PU.npy,N2,False
u8kEr0TlbN.npy,N1,True
mrITzHvbb9.npy,R,False
SlggHRgQFq.npy,R,True
oNIVKN6qzY.npy,N1,False
wLpUEjV5IH.npy,R,True
Tz0eNvxJcB.npy,R,True
vT8lTEPGYq.npy,R,False
MMhpwZJslG.npy,R,False
AUZE1bzteS.npy,R,False
d98Pk6syhh.npy,R,False
j7NDKMXP6K.npy,R,True
nQ6t8ObDln.npy,R,True
HHWxebGLBe.npy,R,False
3nY0GOLPwx.npy,R,True
aTF2PBqlGf.npy,R,False
re1V0CyFG4.npy,R,False
FGjhKY638D.npy,R,False
7tV9vAci3P.npy,R,False
vDkTLGxxMl.npy,R,True
RthdUiVx3i.npy,R,True
9D3hTeEVTH.npy,R,False
73uDrK6TgC.npy,R,False
IpiS34sHfG.npy,R,False
hdlbNEI2oe.npy,N2,False
a4Vr4fHxcw.npy,N2,False
stNCkZtAqu.npy,N2,True
6HSIsssfmh.npy,N2,False
vxOGpolqoT.npy,N2,True
U5PGBEp4rW.npy,N2,True
dxAIdtIE2R.npy,N2,False
ckkL75yMuW.npy,N2,False
ZGwGA0kAtr.npy,N2,True
YYqZqvRTiA.npy,N2,False
HzremKq7E7.npy,N2,False
tKfjXsAN3c.npy,N2,False
DmDLKouQvO.npy,N2,True
tQ89ErvpIN.npy,N2,True
KWOOmrRzUO.npy,N2,True
NKjgbEuHSy.npy,N2,False
h8JYW17Wjx.npy,N2,False
OqOtNGRjVr.npy,N2,False
3fq1N0UF8n.npy,N2,True
6e8K22XoZw.npy,N2,False
6q3ouuyaw9.npy,N1,False
4Ovg48ffNb.npy,N1,False
4J6ZzPcvr1.npy,R,True
u0Lc4K6nQd.npy,W,True
DCJl899Qmg.npy,W,False
x9HnNgJ7Nz.npy,W,True
XaB9zxrG40.npy,N1,False
cP8Bi0aUJf.npy,N2,False
fikqZc0uSY.npy,N3,False
E1SlThjjzY.npy,N3,False
Mani7J0h6v.npy,N3,False
HcRE2O2Kwt.npy,N3,True
D35eoCew02.npy,N3,True
vOwGw540f0.npy,N3,False
8z2X7VfXFn.npy,N3,False
lAHXGc8JK5.npy,N3,True
BP3G3FDY1Y.npy,N3,False
vxH7EHp1Yz.npy,N3,False
ehE8ATJo0t.npy,N3,False
fL4zWevq3N.npy,N3,False
VQCDWLYmJP.npy,N3,False
IULwgIsAZg.npy,N3,False
WRwYL9hHKI.npy,N3,False
0LsfllTAXp.npy,N3,False
yYkGM43B1N.npy,N2,False
drUd1vUUfF.npy,N2,False
tejBmqCz5Q.npy,N2,False
IGbTIPilvz.npy,N2,True
NDuroWSTeR.npy,N2,True
hsxzKaGhZ4.npy,N2,False
39HEG8nC7a.npy,N2,False
s2XYQ9lLzu.npy,N2,False
flafdDqXV2.npy,N3,False
0a7ndVCHbq.npy,N3,False
Tm5bm6B17d.npy,N3,True
4LccTJmOfO.npy,N3,False
nv63RapX4Z.npy,N3,False
kQ0eRd8MMB.npy,N3,True
nLmUCCVxPR.npy,N2,True
JNotgjE1Wt.npy,N2,False
1XRzyeGZNM.npy,N2,False
xvPbUHK2Xj.npy,N2,False
rvo52OO3PM.npy,N2,False
qoiOq6fZa4.npy,N3,True
ERuj39sHN7.npy,N3,False
S7wncPXLLa.npy,N3,True
xQhoFv9c75.npy,N3,True
wo7xKnVKBA.npy,N3,False
QZD3EO0Qeo.npy,N3,True
nNHkgsEpjB.npy,N3,False
R9LrGA8LR6.npy,N3,True
RloHinZkGQ.npy,N3,True
cvl1Uih08f.npy,N3,False
G2xht87mde.npy,N3,False
Mx4xt8fRge.npy,N3,True
oM9J9k9bOQ.npy,N3,False
IFKbpSzmqo.npy,N3,True
CBCvKjqKfR.npy,N3,False
0OyPEKzbp7.npy,N3,False
RFP38kLskf.npy,R,False
Z8VDD5DTym.npy,R,False
rlydZjXNlo.npy,N2,True
1HpKErxT4N.npy,N2,False
e4fKm3upGb.npy,N2,False
erErthZMEv.npy,N2,False
uliHvR7SVY.npy,N2,True
AawzBhu9yF.npy,N2,False
bSCggH0xuS.npy,N2,False
PyRCj3PXio.npy,W,False
5OXgtVVLXe.npy,N2,False
tWMbrX3jLe.npy,N2,True
QJgZpV1spg.npy,R,False
L4qdr5bMHl.npy,R,False
zqSNCqaVuH.npy,N2,False
lzB68X4mbL.npy,N2,True
DovDBXnW2R.npy,N2,True
i44seWT1m0.npy,N2,False
ASbQf5QO1I.npy,W,False
29ohrDeUHA.npy,N1,False
6nqeduU7tL.npy,N2,False
0ygWd0Ljtw.npy,N2,True
3WwToIqxhk.npy,N2,False
xNTHAGLurm.npy,N2,False
X6LWB8aZ2r.npy,N2,False
RM167Wt8gV.npy,N2,False
zBLxUdTNQ3.npy,N2,True
VGMYQznCGi.npy,N2,False
zOlmbEtp0j.npy,N2,False
6kQMsnSVEX.npy,N2,False
9FC1rZLsrB.npy,N2,True
SQ6iRrCW21.npy,R,False
Babk67GnME.npy,R,False
feQdwp1QEQ.npy,R,False
DYDJHCuLDH.npy,R,False
IK5MU5E9bS.npy,R,False
6mMLKwZqhb.npy,R,False
4lJ24UVX2Y.npy,R,False
fP14tILJBb.npy,N2,False
OFa1Roy8yX.npy,N2,False
D7rjuLTpI7.npy,N2,True
wzzUlIZbvc.npy,N2,False
pUv26OvKSL.npy,N2,False
n0qaXYfEmr.npy,W,False
yIC5eh5JkT.npy,N2,False
5VQVEtoKFg.npy,N2,False
qquvBj7aUV.npy,N2,True
PQ86pLzzsz.npy,N2,False
Ycjnf5VYtf.npy,N2,False
v87FyDBugH.npy,W,False
GQ0D1I3h8i.npy,N2,False
QJ11NdJcz1.npy,N2,True
Hr7GnmALix.npy,N1,False
PpSDut1G4S.npy,N2,False
vSepgcgIb1.npy,N2,True
fyqJ5sHT8L.npy,N2,False
BtEcDZHdx2.npy,N2,True
rE5KzKGY1r.npy,N2,False
fh6Hy62cRf.npy,N2,False
BF5PLC9HqX.npy,N2,False
mF9tHlrjHz.npy,R,False
LhkCXOP0Ak.npy,R,True
53T4IPyjYG.npy,R,False
5mdxhYhUcK.npy,R,False
Z5gQq2mErM.npy,R,False
29cBMePRPO.npy,R,False
zl7iz7xpUl.npy,R,True
PJtzn94uqn.npy,R,True
PDn7y7cJM0.npy,R,True
4yGnLowHja.npy,N2,False
bBMKRewp8J.npy,N2,True
a5I4TOer7C.npy,N2,False
D1ajX00xHi.npy,N2,False
g7b3gOKqpZ.npy,N2,False
Wr6n93Jg5r.npy,N2,False
RPRnpU9K19.npy,N2,False
gwgDueyNAO.npy,N2,False
YJYdIYrPvz.npy,N2,False
zb0FaYuLHr.npy,N2,False
7qRWa8aB9H.npy,N2,True
TQ6y5ekZ8g.npy,N3,True
P9awAyaku4.npy,N3,False
4xONewKDZI.npy,N3,True
NXdXacnJ0Q.npy,N1,True
EYesNigb97.npy,N2,False
DfFiN6AO7Q.npy,N2,False
yjkz9JTst1.npy,N2,False
6Fu7thf515.npy,N2,False
OMus2fhHJi.npy,N2,True
1JdLEC7peR.npy,W,True
KXypxaUF1B.npy,W,False
mqdaAL6lJo.npy,W,False
AWFe3Og91a.npy,N1,False
ZP4LmAfrUA.npy,N2,True
qwkjoU0Qyu.npy,N2,False
fypXTqJVYW.npy,N2,True
uXquUK5eIQ.npy,N2,True
7vL9xPVQEZ.npy,N2,False
m0WR8BGv1j.npy,N3,True
6GmmAm4RLm.npy,N3,False
KdN5jOWZgl.npy,N3,False
NOuuXsrR6h.npy,N3,False
h7vdejZcAQ.npy,N3,True
EB9fRgb6ch.npy,N3,False
RtQyRIoIOj.npy,N3,False
lL0Vj8lkxt.npy,N3,True
jipXPNkUqA.npy,N3,False
E5bDpDS2fc.npy,N3,False
hR34cbuhL1.npy,N3,False
7KTboYpz0M.npy,N3,False
chGk7K5YM3.npy,N3,False
V0fLSYrxBi.npy,N3,False
SubgzjdXzZ.npy,N3,False
9IIIvMMxjX.npy,N3,True
fDjQ2mAOod.npy,N3,True
7SLfwGUo0J.npy,N3,True
odmtHoCL4y.npy,N3,False
RKhPq1JaIj.npy,N3,False
yrVnFNStdP.npy,N3,True
nPGPyb05gx.npy,N3,False
vWOFjORNOV.npy,N3,True
nWbCczaUxP.npy,N3,True
EU3Ostkd71.npy,N3,False
6zpChWugb0.npy,N3,True
CL6wptryXv.npy,N3,True
fjp6uP45kd.npy,N3,True
4W9R7TZGjI.npy,N3,False
j6qxhTzyIO.npy,N3,False
YF1vP02ZFJ.npy,N3,True
xmFKA0siUZ.npy,N3,True
cPTpf1vTmI.npy,N3,True
zTRXmDme62.npy,N3,True
OPZ8hzeei3.npy,N3,False
4wxb5eai5W.npy,N3,False
ncmc4NhIVO.npy,N3,True
13y0CHZZlT.npy,N3,True
6KnvWTVp9F.npy,N3,False
BpQyhBnEFp.npy,N3,False
JmuaFrjthi.npy,N2,True
OoDIiZNpZu.npy,N2,True
8b5Ir2DwGk.npy,N2,False
vAxlo71Q7s.npy,N2,False
RxheG5NlGT.npy,R,True
l7CyqxVNxp.npy,R,False
FDorOLxiWA.npy,R,False
QPY5y26kU9.npy,R,False
Ef3CZoALqA.npy,R,False
uNjGGanFGP.npy,N2,False
qSEZGkhFhQ.npy,N2,True
xngJPq3Rv9.npy,N2,False
LSigEtdTD6.npy,N2,False
dIpg1UoV8j.npy,N2,True
zAhSNIQ1ag.npy,N2,True
RgCluWFL7L.npy,N3,False
3JqLtSgHuS.npy,N3,True
0yjW8K5ews.npy,N3,False
YjFiiPID0w.npy,N3,False
nvX5MGtjtf.npy,N3,True
9s9uDaTTWA.npy,N2,False
lrsFj8arMX.npy,N2,False
33fAesTxjh.npy,N2,False
256EVGIH92.npy,N2,True
xUmHN6xMWA.npy,N2,False
jjMmdQrjhs.npy,N2,False
fTlAxlF9B1.npy,W,False
A93DYj5KRX.npy,N3,True
NzpxQN5pHx.npy,N2,False
Ov2IscRqYH.npy,N2,False
9JxcnrxOaq.npy,N3,True
wJaF2r7edq.npy,N2,False
vNZKwTpNc8.npy,N2,True
myO8xUjcbb.npy,N3,True
BgKICXW0so.npy,N3,False
F3lRpZu7Wz.npy,N3,False
TwLPDmSn5W.npy,N3,False
K098KH68CM.npy,N3,False
dnkwvbSA6c.npy,N3,True
My79eDEHbq.npy,N3,True
vCvjtC6EoE.npy,N3,True
UUKjrYpj59.npy,N3,True
KSjCpB5gpR.npy,N3,True
3OUSRuRlpL.npy,N3,True
kNpTeYqqBV.npy,N3,False
V2fFjc0BEz.npy,N3,True
Ly7lZaIZaG.npy,N3,True
wBVIonn0IK.npy,W,False
CH8bpfZrRr.npy,W,False
8Cn1dRS1te.npy,N2,False
vtKyC3MHV7.npy,R,True
ddOUo22Pt1.npy,R,False
VkXCxuuXd7.npy,R,True
ZuXGCacP41.npy,R,False
i8My69E9hk.npy,R,False
lRn92Lnf4K.npy,N1,True
EejBxEgCJb.npy,N2,True
m7ZEnlbtgh.npy,N2,False
OfJp6LjTlD.npy,N2,False
8MRHtdSlb5.npy,N2,False
i3Wu0sT5Qn.npy,N2,True
cyhhIdg7Tg.npy,N2,False
ZcbmBBOyAT.npy,N2,False
RvlClJYbTC.npy,N2,False
tgWKpkqyt1.npy,N2,False
caEErluV0Y.npy,N2,False
6bOyf1LnFd.npy,N2,False
PxoyezR7wz.npy,N2,False
PO0JpixvRR.npy,N2,False
QSba3MitPN.npy,N2,False
seJkFJeSgx.npy,N2,False
gV2I9YFJa8.npy,N2,False
DovpfQuau1.npy,N2,False
P0ekXDT0ee.npy,N2,False
Jkasj5Ntw3.npy,N2,True
EhRJZe3zVk.npy,N2,False
9n65nwBlFF.npy,N2,False
926mwDcGi8.npy,N2,True
omFPv3p5r6.npy,N2,False
XRDmiry5kb.npy,R,False
5adyM926jQ.npy,R,False
H7YIeIGw0l.npy,R,False
Ou7LaBWlre.npy,R,True
Xq6fG6HTmW.npy,R,False
thCEXlRago.npy,R,True
f4bW5YcV8C.npy,R,True
kg1HOvZLAB.npy,R,False
joTaPDPuKX.npy,R,False
Dj3HIEIYLW.npy,R,True
pMMRhP7gsC.npy,R,False
y613ZlQLJU.npy,R,False
eD8rtkQY5d.npy,R,False
tDJuC6FWJI.npy,R,True
0AzSK4xBhX.npy,R,True
YJi2iYOW6Q.npy,N2,False
CzMs2MZx2I.npy,N2,False
G6ozJOtgET.npy,N2,False
77N4yg7RjC.npy,N2,False
akEcidKGZG.npy,N2,False
6cqGfkRZQM.npy,N2,False
BjvfzCPjVg.npy,N2,False
Ltrw0jwubl.npy,N2,True
7Ob3KTsyxJ.npy,N2,False
SrF7xaODpj.npy,N2,False
Qf8fLZvKam.npy,N2,True
UtnQg2QFR0.npy,N2,True
oONOKbmjFP.npy,N2,True
K4ZSxbbJAs.npy,N3,False
C9IxgcxmC1.npy,N3,True
2KMGMjvhqt.npy,N3,False
bg2O0a46eo.npy,N3,False
INkI4gHCCt.npy,W,False
0ZBAwKBJ87.npy,N2,False
UDpA9wSzBC.npy,N2,False
Jun1FMgyKC.npy,N2,False
TGUVpC5dgE.npy,N2,True
JWOca1G1IU.npy,R,False
Gfi1pkdSe8.npy,R,False
RHcl28XgjL.npy,R,False
tAy1kZ0OSE.npy,R,False
8WIjgcJbmu.npy,R,True
EGpyF87lKW.npy,R,False
1wfcGPuKa5.npy,R,False
1Sr5PtQcl9.npy,R,False
rdtHYb784D.npy,R,False
w7mPP6YMHt.npy,R,False
z2eirvWfNB.npy,R,False
diPHumyj1E.npy,R,False
UKUHQQJLb8.npy,R,False
bNbFieNBuV.npy,R,True
AZYYsF53pc.npy,R,False
NaI0fUey42.npy,N2,False
U9frOlPCD4.npy,N2,False
HSBUo3iykG.npy,N2,True
s1dQ8qPHWa.npy,N2,False
tKUtfyRM4E.npy,N2,False
1u4oJz48DG.npy,N2,True
aiYRDciQKs.npy,N2,False
USHiW0sgJV.npy,W,False
U14epRmbWe.npy,W,False
WuKf5j55UN.npy,W,True
LWEogeP0g0.npy,W,True
GE5MuT8LCD.npy,N1,False
lDqTWNiqhy.npy,N2,False
guI5jEGXAv.npy,N2,False
ZwLrL5U5vl.npy,N2,True
JYtuP6Lm4G.npy,N3,False
j7AEG0hqSf.npy,N3,True
osCCwF0AOO.npy,N3,False
uBByaDzJ9Q.npy,N2,False
Yo5vyfmrTV.npy,N1,False
dVi9LSpSrM.npy,N2,False
bCiNsBn2uK.npy,N3,False
pdf5J1UWvD.npy,W,False
VeHIwGeNAI.npy,W,False
pM20P6x7Nw.npy,W,False
n8Znlq5MZi.npy,W,False
MbkckadfHz.npy,W,False
nqLeuOWVWB.npy,W,False
GP2fXUErQQ.npy,W,False
XnFML2Ak61.npy,W,True
3yCLfUxcRD.npy,W,False
ySePgRTVkS.npy,W,True
EnqUVSU07W.npy,W,False
eVTJQdkGwf.npy,W,False
ZFCbmdoELT.npy,N1,True
m28FAJAmzW.npy,N2,False
0ZmyMzskMJ.npy,N2,True
G6vZM1LD0g.npy,R,False
1hrjWoH899.npy,R,False
06aMFf4WiO.npy,R,False
w3XyLCtlMO.npy,R,False
m9zoftULkt.npy,R,False
2lydk7LhHH.npy,R,True
yuOSJ5kEXs.npy,W,False
DH2XOCyTeN.npy,R,False
9d0OIdChP6.npy,R,False
JTMZCaN525.npy,R,True
QEitcMlPT3.npy,R,False
0He4cvCRB2.npy,R,False
OrRBLqTDsI.npy,N2,False
SprvtZpN0b.npy,N2,True
ZyuYVI5NaJ.npy,N2,False
maLiXo1z6P.npy,N1,False
rTAlcS9R19.npy,N2,False
R5ONF7wiKk.npy,N3,False
YSACFtNWZJ.npy,N3,False
Ot2ps7WRBu.npy,N3,True
xk2KKwXVzz.npy,N3,False
wzJ164JK2Y.npy,N3,False
TbWozKeVrh.npy,N3,True
8ltlIp0hv8.npy,N3,False
quznJgkp0W.npy,N3,True
czzYW77RWA.npy,N3,False
HN6lEheGUR.npy,N3,False
juTFxK0eEF.npy,N3,False
tzsufefHxV.npy,N3,False
kNzgvGcaYM.npy,N3,True
fv3ZxQA1bJ.npy,W,True
h8Q4C9EjXK.npy,N2,False
T8sDRamzMN.npy,W,True
WSDRpHu87U.npy,W,True
Hfy1zj1RJh.npy,N2,False
Ql4nhIWItC.npy,N2,False
gN5YAxpfZY.npy,R,False
8B35wbl1nq.npy,R,False
aoveraByys.npy,R,False
Ycup1uJsgP.npy,R,False
L3wWq6TIdZ.npy,R,False
CUPX4AM50L.npy,R,True
OkDp49vdwK.npy,R,False
gkXCuRZFos.npy,N2,False
IbXiNvBEGm.npy,N2,False
2sow9eM0sb.npy,R,True
a0kLvH2q3B.npy,R,False
PS39NLW0qh.npy,R,False
qWVE18yJLH.npy,R,False
kXyyCoS0Ie.npy,R,True
5tpZ5p3Krx.npy,R,True
AYibmzMh7Z.npy,R,True
nXgL1wPzL7.npy,N2,True
tSVVGVVqYR.npy,N2,True
W1p2SviNhP.npy,N2,True
SUwdW4G5lS.npy,N2,True
HnbOcwuCzX.npy,N2,True
mJbSFszdOT.npy,N2,False
N8qG00r9rB.npy,N2,False
bc8YHnPjc2.npy,N2,False
fD7mCNdPTm.npy,N2,False
UZuLkLgiza.npy,N2,False
fkI4EtFtUh.npy,N2,True
SIuv9GQluz.npy,N2,False
qFVkeV0DB2.npy,W,False
y7f9jUnpg4.npy,W,True
aNtxlOKFqo.npy,W,False
nnJEP0zzyX.npy,W,False
hcBlzrD2RU.npy,W,True
P08cvnVJ6w.npy,W,False
gSHfpyLZuD.npy,W,False
uHtpAfz8XT.npy,W,False
BpIi6WM9Np.npy,W,False
VO8YlY5Q2c.npy,W,True
h4bpcF3uZk.npy,W,False
34Xcnce4kv.npy,W,False
DFbWL53Ihj.npy,W,False
e6d6fezm0I.npy,W,True
KdajS6jms6.npy,W,True
kbTpm0rinW.npy,W,False
ddr9NTJqtw.npy,W,True
uR7nETVKtq.npy,W,True
U15KQP9k2g.npy,W,False
X6jBWn8Zdr.npy,W,False
lvoXyAAqqS.npy,W,True
bXNHfWv5Ch.npy,W,False
vwOQHyFUng.npy,W,True
RZPKkWtUSL.npy,W,False
tpqMRzrkwF.npy,W,False
4QTX11X43d.npy,W,True
pCUrcbx50o.npy,W,True
XyZuAuCjOo.npy,W,False
zDlpbAjaaK.npy,W,True
gJIayytl1u.npy,W,False
SaJbhCVA8F.npy,W,False
HwHz85movc.npy,N1,False
W8ukXWuXtN.npy,W,True
9jlVA1puJ8.npy,W,False
Jmi5O0yJrV.npy,N1,True
nsad8MULP1.npy,N2,True
XPtxhwcDnH.npy,N2,False
vEGK3vUuUp.npy,N2,False
FoU209N1Ak.npy,N2,False
8Mls5CXSJS.npy,N2,True
NnWazChPRc.npy,W,False
YbWmQxotZb.npy,N2,False
eAqDvxgMuE.npy,N2,False
EsWbXFfOXN.npy,N2,False
tqhG5dJ3zo.npy,N2,False
btKLbT2VMX.npy,N2,True
GnsEcPZgon.npy,N2,False
NnurTTvLtL.npy,N3,True
BFba5YEnaw.npy,N3,False
cv07odonfH.npy,N3,False
xlILxNs0CF.npy,N3,False
xjhqZI8kHn.npy,N3,False
HNGZtKtUXe.npy,N3,False
3YwpHdldWe.npy,W,True
QLA5j9astH.npy,N2,False
iaBlpHAzjA.npy,N2,False
p6AqiN4LwR.npy,N2,False
8EtCXnes6Y.npy,R,True
NOKh9Ganfr.npy,R,True
mqAGz6lsJg.npy,R,False
1W6uGihw61.npy,R,False
ErlKJ5DiXQ.npy,R,False
R561TvkaF7.npy,R,False
lELxTLuiFB.npy,R,True
ooVYKz4wO6.npy,R,False
yx3912QTuQ.npy,R,False
CmtBHa61a9.npy,R,False
h6YyjvEsHf.npy,R,True
ww4lmAKjng.npy,R,False
DIQTkcCRkK.npy,R,False
QIU7QNbFfE.npy,R,False
KNkxjcj6I3.npy,R,False
Sy4l3ZpTzS.npy,N2,False
vHstRpRqvZ.npy,N2,True
w4jKt5NaZj.npy,N2,True
4kQUxxoApZ.npy,N2,False
a2uH1cEGUL.npy,N2,True
FeYdn2srdl.npy,N2,False
nKRFp7A3AE.npy,N2,False
qNCFNWioyK.npy,N2,True
E4WdyJnT4K.npy,N2,False
EWpzQox9XJ.npy,N2,False
NGJA49GTHA.npy,N2,False
SmObwPGXWj.npy,N2,True
lrPazbafr0.npy,N2,False
dEnjyWMA7V.npy,N2,False
7LYc4f1Gy9.npy,N2,False
Ol6VBVuvXA.npy,N2,True
lMPdDdQRFH.npy,N2,True
pygAt4vwmL.npy,N2,True
AcXphSLXnN.npy,N2,False
CS4zrMwvD3.npy,N2,False
bvYWgQsqdz.npy,N2,False
eV9Pc1DWJm.npy,N2,True
2uUPZYA0jk.npy,N2,False
O1FsCuIFC3.npy,N3,False
2taUytkuuI.npy,N3,False
htRUtJ8Aci.npy,N3,False
9FhJ76Kon0.npy,N3,True
K411PkZjlz.npy,N3,True
EcIiZWuUGs.npy,N3,False
mdiH5MEqTH.npy,N3,False
8qGcImisYb.npy,N3,False
ZKQ3ysB9xw.npy,N3,False
VkFB1b3eu5.npy,N3,False
iJloqnH162.npy,N3,False
47zM9BpYHc.npy,N3,False
sIRJR2pdPS.npy,W,False
EjKrVjxY9i.npy,W,True
JDlNTgB4iH.npy,W,False
kRCgcAcd54.npy,W,False
zCdOZAQ49h.npy,W,True
KH21AHcl0e.npy,W,False
a7BVyG8OmZ.npy,W,False
xJ1nkPvgbH.npy,W,False
FIQlhtN9vC.npy,W,False
l60JU62XZi.npy,W,False
3UIHTqk1uA.npy,W,False
AU2n7mJsbt.npy,W,True
PeX6V1LUVs.npy,N2,True
kwsxaaDz1l.npy,N2,False
dvcB5rd9dF.npy,N2,False
pW5ESEXrHg.npy,N2,False
Kym5a0Rnf8.npy,N2,True
KW9uAsSCml.npy,N2,True
L2TUfQ80fV.npy,N2,False
soCCaE8G6j.npy,N2,True
QSrkOBZoIQ.npy,N2,False
ncdqLPsftj.npy,N2,False
FFr5o0p8Im.npy,N2,True
O9rVEVt09E.npy,N2,False
Wz6o09zQUX.npy,N2,False
824WhGW6ul.npy,N2,False
XtLIxl1zsx.npy,N2,True
aIEAoxmV7o.npy,N3,False
9xcbjUKJUG.npy,N3,False
eoW3bQK9Fu.npy,N3,False
2y8FlPm2dH.npy,N3,False
2908XlpWGV.npy,N3,True
jbBvWjG5S3.npy,N3,True
mZUttXViWi.npy,N3,True
RVXnjWLae6.npy,N3,False
9anXIWF2Wv.npy,N3,False
Q0q6XGPgT0.npy,N3,False
AW83VXlPUY.npy,N3,False
DRFiwpfsIH.npy,N3,False
KD8buOutZO.npy,N2,False
xA3J4gGOGD.npy,N2,False
elSa9vOG9v.npy,N2,True
BY0gJwc7yl.npy,N2,True
zj5J0W98hL.npy,N2,True
hqYCpbxf68.npy,N2,True
VS0YZbgJ4Y.npy,N2,False
PVPzPDP96x.npy,N2,False
duil0hOzAO.npy,W,False
BVa9EVizxK.npy,N2,False
paaVPtoC3J.npy,N2,False
sz2KMPKPi6.npy,N2,False
FsLWyh4PT6.npy,N2,False
9fIQuSZCVw.npy,N2,True
skeqnhXuYV.npy,N3,False
m9Y2MGdaUf.npy,N3,False
BtMZtFetzi.npy,N2,True
J1OGVeEdwQ.npy,N2,False
yMfHibjeGo.npy,N2,True
UIvDarSpYz.npy,N2,True
WkT7bBdwIR.npy,N3,False
GVdlV9evTr.npy,N3,False
6LLwF8JtcP.npy,N3,False
R4EFX7ikOl.npy,N3,False
PkCBwXtkP7.npy,N3,False
azpym9chxW.npy,N2,False
zitaaGrVQC.npy,N3,False
457cHxlVyX.npy,N2,False
Fq0GSuwViy.npy,N2,False
hubTb2xrmF.npy,N2,False
cr5hJSfaUz.npy,N2,False
q79jqhd95U.npy,N2,False
PhIGDM4IaT.npy,N2,False
2GCzS9cCWv.npy,N2,False
4h23TKk3Ql.npy,N2,False
stRCHMbkhS.npy,N2,False
bwMvOS3GdL.npy,N2,False
QOPuv2PphP.npy,W,True
GnLewlnzMo.npy,W,False
607ZJHcJzu.npy,W,True
ucRlVnZOws.npy,W,False
I3HcU0r8BE.npy,W,False
KOXY5YuGbd.npy,W,True
yptKFwgVwh.npy,W,True
ujaJFKiZC7.npy,N1,False
uDec20gLqw.npy,N2,False
b6TGaxf8DH.npy,R,False
G7tSK1Itmc.npy,R,False
Q0Cx5umIj4.npy,R,False
9zNcfiHXEP.npy,R,True
i3JbhAbcoW.npy,R,True
JwXxq5Utjy.npy,R,True
3n3QMeGkET.npy,R,False
100kFsH47f.npy,R,False
MeoFFvL8nt.npy,R,False
WlbHSkSc1O.npy,R,True
WksBztc4gq.npy,R,False
wME26S8qQW.npy,R,True
62POA6Rjpa.npy,R,False
SySZzle7Jh.npy,N2,False
weDghOY6WH.npy,N2,False
ff5wG8MpC1.npy,N2,False
DXMoSc4JPl.npy,N2,False
d3Q4N8HmFk.npy,N2,False
KL3O4AlGD0.npy,N2,False
jwYqE4voOk.npy,N2,False
P141GVOXIP.npy,N2,False
oD4FRMDRwI.npy,N2,False
BVVwgfyYo1.npy,N2,True
PjrB6X7N6N.npy,N2,False
Vp6isRiWF2.npy,N2,False
qamFcUOyqZ.npy,N2,True
xmADccoUoe.npy,N2,False
DceBPGPf4J.npy,N2,False
SJhH5AbqCc.npy,N2,False
isnk084Spb.npy,N2,False
9f3qbDfSf1.npy,N2,False
K3DYLuY83n.npy,W,False
2srRzdm3Bn.npy,W,False
dERTDkOlWa.npy,N2,False
FPUALzR4oe.npy,N2,False
opxpi8j85S.npy,N2,False
LOqh0qRj8e.npy,N2,False
jSoXO8hpIq.npy,N2,False
zOxG2aQGJ6.npy,N2,True
tQ4dtHSm4Z.npy,N2,False
EdS29DLCVi.npy,N2,True
lfrhAkFrtI.npy,W,False
PH20a3FgQD.npy,W,False
qpRWqc9VVS.npy,W,False
2DmQyAFntS.npy,N2,False
WrHEr9rnCu.npy,N2,False
qUo3qHOzPZ.npy,W,True
iReeoJdohB.npy,W,False
4tcCAotCT5.npy,W,False
abpCxADbnv.npy,W,False
8kF1LXc4cV.npy,N2,False
MTeseAh4BP.npy,N2,True
WdfxervzKF.npy,N2,False
qh4kgYU36X.npy,N2,False
STmh54BA19.npy,N2,False
ADewEhQ1Ib.npy,N2,False
JRF9Qb7uC0.npy,N2,True
LEM3KceWK0.npy,N2,False
hXjDgnbK87.npy,N2,False
OuK2ZhTpG2.npy,N2,True
NHHUTfqlZj.npy,N2,False
dXKqDzJHbP.npy,N2,True
NPc9UjXjVt.npy,N2,False
ZNXKMW8vIH.npy,N2,True
RqaIFNopYU.npy,N2,True
hUpOBdj3lf.npy,N2,False
Khq3kb56og.npy,N2,False
f11zNn61N5.npy,R,False
YvCA0jeEaW.npy,R,False
CMNS6FaqKt.npy,R,False
WULKEMU71G.npy,R,False
2hsD4Nnvn0.npy,R,True
0EKrCULa1Y.npy,R,False
Acy6NLHSI9.npy,R,False
tCvip1zxiZ.npy,R,False
wFalrmnWUs.npy,W,False
mUvs1JzcmA.npy,R,False
G8IjyRrgjR.npy,R,False
GDLRsJxA6t.npy,R,True
4iaQjKvRxe.npy,R,True
1Uj27TxdCy.npy,R,False
xPKj4XMNy1.npy,R,False
k7V52ac75a.npy,R,False
meSQtURbc6.npy,R,False
oDbQOBs3gJ.npy,N2,False
RtQoNWEd5H.npy,N2,False
fwYcxt94vY.npy,N2,False
CZf1L5YOQB.npy,N2,False
neXwGU6vC9.npy,N2,False
QiNqYTUEH6.npy,N2,True
m3szTPwa5h.npy,N2,False
xfzR6Ta7MM.npy,N2,False
5vbXMR6GtN.npy,N2,True
n1M1thDAbs.npy,N2,True
uVTeQKmLYG.npy,N2,False
i7m2NJQOSV.npy,N2,False
rAl7opEDHt.npy,N2,False
ueDQsgU2Jt.npy,N2,True
T9iyxaq39o.npy,N2,False
vHRKY9GwMv.npy,N2,False
dqxVOleRTP.npy,N2,False
YZOfRdupqK.npy,W,False
KkpxRddHOp.npy,W,False
frX9SZGrTX.npy,N2,False
MSmhsWxfrl.npy,W,False
eWYg4hJq4O.npy,N1,True
kylQ1PLnGe.npy,N2,False
gULcPQz4O1.npy,N2,True
Hm8jAppAJu.npy,R,False
F5odGZONtE.npy,R,True
WCC5gxKx8j.npy,R,False
EawcD3OMTr.npy,W,False
OE57WmIDEy.npy,N2,False
8eN5DYvI7P.npy,N2,False
zWRKhQBHRs.npy,N2,False
KKdNGVq9Ii.npy,N2,False
IjbJCiv7ES.npy,N2,False
kr9UsKpz73.npy,W,False
IstbPTFPo3.npy,W,False
DQIbe6KUMN.npy,W,False
sZmLICSWVv.npy,W,True
pRpapWQO1s.npy,W,False
3rScZfP6dc.npy,N2,False
pBf1yiNi5z.npy,W,False
2z8enAN01X.npy,W,True
Lav50DrYWc.npy,W,True
d1Ub0YKaWi.npy,W,True
nl02nBia7h.npy,W,False
CvJclDzFIT.npy,W,False
Ka5ZVgi2cp.npy,W,True
nCoyVY7WOr.npy,N2,False
lSUwlY5zP8.npy,W,False
HJyZfO9MTm.npy,W,True
t861PBzkmr.npy,W,True
po6CffjLnZ.npy,W,True
bD2IcxHDC2.npy,W,False
EkzDZMV2r1.npy,W,True
GHz6H1gnfF.npy,W,False
DTlAlDymmR.npy,W,False
M3eVwPSXME.npy,W,False
OW9hPuwo4D.npy,W,False
LlDsIAfPR3.npy,W,False
PcCNv8N5Bk.npy,W,False
6fUCHAq8dz.npy,W,False
8PxeSWPjyX.npy,W,False
V7RWpLNZqe.npy,W,False
dHavVFF8PK.npy,W,False
eBarNmIjND.npy,W,True
J5XYgaGI8S.npy,N2,False
NJZy6tWo4I.npy,N3,False
Mtp1Z4BByl.npy,N3,True
MZUJPI0Dgz.npy,N3,False
MK2uzHXQmg.npy,N3,False
HlLtvUAlcN.npy,N3,True
84oIIn115r.npy,N3,False
XY4wQ1aOFw.npy,N3,False
oC2nXrOHVU.npy,N3,False
Ow7Yz88i5k.npy,N3,False
oGmvm3JIBD.npy,N3,True
ZKxo8kGkOW.npy,N3,False
Nhm88s8mHl.npy,N3,False
gtlhClLqtk.npy,N3,False
loSy4JH8Pz.npy,N3,False
gCpL0Qvems.npy,N3,False
Ak37tbiBX3.npy,N3,False
Rjq8ge88B3.npy,N3,True
etWlRr8dni.npy,N3,False
mUfN3nhinl.npy,N3,True
taPLHQxXH7.npy,N3,False
9LR5NCNc4Z.npy,N3,False
ArLIPHdacb.npy,N3,True
f49U3AJVGV.npy,N3,True
nvpByC1yBV.npy,N3,False
XgcMlNKe6X.npy,N3,False
nOGU8gNuVn.npy,N3,False
WywVAWXX57.npy,N3,True
oTyZtfaTzu.npy,N3,False
ePRszxexgD.npy,N3,True
9Ost4Ic5t1.npy,N3,True
5LiUpeI1s1.npy,N3,True
QgZzlHbVtx.npy,N3,False
6SaSibgPYU.npy,N3,False
YtXxyOxO5W.npy,N3,False
SBltMK6hZ5.npy,N3,False
twqOnHEo1w.npy,N3,False
aTEh9W0sVu.npy,N3,True
J7s2YKcwGM.npy,N3,False
UU991xFPo6.npy,N2,False
mAoGx9772p.npy,N2,False
r6KwwS13s1.npy,N2,False
Xs6ubBsnkK.npy,N2,True
sh7CkD5urY.npy,R,False
wmB2STBIV8.npy,N2,False
zSZbIaDQdb.npy,N2,False
lxGO44NZaP.npy,N2,False
c8kXEJuBd4.npy,N2,False
xfocN5b02R.npy,N2,False
VLxghB9hQS.npy,N2,True
z7e5wWnypL.npy,N2,False
4zDDUpX4Pf.npy,N2,False
VTrtAP7rTi.npy,N3,True
CWoqXhrUYl.npy,N3,True
8NKw9PJHvi.npy,N3,False
lPXVZXdmXM.npy,N3,True
Vir9eHdsEj.npy,W,True
PomJNZyjzg.npy,N2,True
yzFyXn3gnT.npy,N2,False
IlAqJFw4De.npy,N3,False
kuRkQIA6JR.npy,N3,True
NtQ9GgfgcM.npy,N3,False
qqvuvM1MQG.npy,N3,False
CAv24eFVaQ.npy,N3,True
cUSIdyrotu.npy,N3,False
x0wN1TRAin.npy,N3,False
WKHMXeRIxa.npy,N3,False
zC9iVcPe4k.npy,N3,False
eZQ6p9xZ5M.npy,N3,True
jhVkKn1djh.npy,N3,False
QszFUWu0G0.npy,N3,False
fZ5bCC8keG.npy,N2,False
AhA6oVg9mZ.npy,N2,True
JGfWjdKOwm.npy,R,False
BBV7dLHKQ0.npy,R,False
rKFMYU9IuI.npy,R,False
0mi1bNwvJy.npy,R,False
zXr5sy4dJ7.npy,N2,False
ohI8CUR3nw.npy,N2,True
OU1GnbjVQI.npy,N2,False
3rwxGgNh94.npy,N2,False
jIryaYrThL.npy,N2,True
Xk0qbiSHyw.npy,N2,False
nOytUtkU1d.npy,N2,True
MiAV1wDEXv.npy,N2,False
WDF8HLOODc.npy,N2,False
yfeqfqizJ1.npy,N2,False
JDKI9a9vCr.npy,N2,False
LYcKTftKxB.npy,N2,False
KfMhnxSfhm.npy,N2,False
Mw8LJHTtRF.npy,N2,False
N2BSfVlOVu.npy,N2,False
dA076LsY7L.npy,N2,True
x7UoBTk9Cm.npy,N2,False
nFtw9NA5fK.npy,N2,False
87rB0OSNs6.npy,N2,False
S5fwXr6sIz.npy,N2,True
3qDqOcdkHV.npy,W,False
EC8GQ03rhP.npy,W,False
1hMVP0XnGK.npy,N1,False
r78CrczQxz.npy,N2,False
A6sTfYmT0A.npy,N2,False
0zn1aQq1nv.npy,N2,False
IhfAmVYD37.npy,N2,False
yczaCv3auP.npy,N2,False
lscYIuGInR.npy,N2,False
tKYETJLGrX.npy,R,False
Kgd6yDCjAB.npy,R,True
c7M4KEDOoc.npy,R,False
eB12oOnHe1.npy,R,False
uiZiEFzS4i.npy,R,True
512bDV0sqr.npy,R,False
pnINjtbmnG.npy,R,False
qsqYHloGEb.npy,R,False
3IHudRYQNW.npy,R,False
VzZapYa1aB.npy,R,True
D6hn9qLsKv.npy,R,False
XbVJcSayo6.npy,R,False
ZExfsVtOUN.npy,N1,False
zii4fEXFh5.npy,N2,False
egmwJFzbgY.npy,N2,False
6E7xRK2L7W.npy,N2,False
VmyyiMPDdZ.npy,N2,False
G4rbjBCWDJ.npy,N2,False
sERnaAvN75.npy,N3,False
TasDGgkQhc.npy,N3,False
u0Dw1RYTnl.npy,N3,False
VuogyS83Qj.npy,N2,False
DfngbT6jwd.npy,N2,True
36U7MvNb7N.npy,N2,True
QGElBq07Hg.npy,W,False
hmIOHQlwsI.npy,N2,False
D2u5sioUUu.npy,N2,False
cKRitgxYrF.npy,R,True
F8xdqPNj24.npy,R,False
7UnHoljjTZ.npy,R,False
4FsArNe9wu.npy,R,False
ZwHJT6Wc8q.npy,R,False
N1VY42SGqy.npy,R,True
mXpMdWSkPq.npy,R,False
DEdpONdH93.npy,R,False
DmLsR8ig7G.npy,R,True
unFpwSp4ck.npy,R,False
0w6Wy7FNC1.npy,R,False
ZowZBz5a9H.npy,R,False
iNq5J6w2aA.npy,R,False
M8f17a9Zdw.npy,R,False
nNHOsOAcV3.npy,R,False
HXLopBbJ6g.npy,N2,False
sfsEfsvRcb.npy,N2,False
lTwqj0FLT6.npy,N2,True
PtS90APv32.npy,N2,True
9mWfEXeXET.npy,N2,True
U55Ce1m0jC.npy,N2,False
8u1ZGdYzC3.npy,N2,True
21lFXfEqM1.npy,N2,True
iQc79xaS1o.npy,N2,False
n1DoDMW1u1.npy,N2,False
OUKFfMWLYA.npy,N2,False
9Y40jeL7W9.npy,N2,True
Ci0ZuwcupV.npy,N3,True
xM5fcgl16D.npy,N3,False
iPspsRTHqu.npy,N3,False
wzc1cNDND3.npy,N2,False
7Inqo4wEkr.npy,N2,True
ntRdIVF4hU.npy,N2,False
gS0S2arHsa.npy,N2,True
VTpW7VeHHy.npy,N2,False
mfcp9CzRk4.npy,W,False
Sm6qXy0L2G.npy,R,False
DAoAtoSgGE.npy,R,True
hKTkGQ0MLY.npy,R,False
DffoMZOxR6.npy,R,False
hBLan2y6ki.npy,W,False
K5vfu62B2d.npy,W,False
SiBwVcdnXU.npy,W,False
kTxdq5Cb0K.npy,W,False
2jGh3DZmad.npy,W,False
MCMVd9wZTQ.npy,N2,True
4LdMiznGfr.npy,N3,False
uIJzXFt1Mj.npy,N3,False
MIMXrx7jzm.npy,N3,True
SYq5ytcG0U.npy,N3,False
GLzlluDEIL.npy,N3,False
Wv4eTBnHHR.npy,N3,False
kh30C78izu.npy,N3,False
4iADsNmqB2.npy,N3,True
MAKc0zvnRy.npy,N3,False
c5ofWdaTVA.npy,N3,False
rFKOmR4gbt.npy,N2,False
oBX0uqbL1Y.npy,N2,False
iRe7v8PfKE.npy,N2,False
rqlM8huk3C.npy,N1,True
zH6ro55EHM.npy,N2,False
neNYAYHR15.npy,R,False
9cQ8n5Q0Q8.npy,R,False
fSP07h1q7a.npy,R,False
udJRZAmRPd.npy,N2,False
Q6z5gbkjqw.npy,N2,False
qi439od6ht.npy,N3,False
8DmzeMM8FK.npy,N3,True
ltG7RxQ8WU.npy,N3,False
Cv9muJYbkI.npy,N3,False
6duynOJumm.npy,N3,False
29mradt3UM.npy,N3,True
oeGVw7FGIx.npy,N3,False
UiLvNK5y14.npy,N3,False
hSdDtw6W6q.npy,N3,True
1AQhMVkkpt.npy,N3,False
UuKR2GvaZC.npy,N2,False
njSb52GGH4.npy,N2,False
vr0WSqcRhs.npy,N2,False
YgNiZs5ViP.npy,N2,False
XrPE3pu5fK.npy,N2,False
u68lxykTjY.npy,N3,False
PCevp6GHiK.npy,N3,False
2SD6kfYpv0.npy,N3,True
GdRsZ4qQWb.npy,N3,False
ZKx5ooQqgQ.npy,N3,True
HHFnXXTFbV.npy,N3,False
5SunBokQnt.npy,N3,False
oy5OdSFcny.npy,N3,False
zoAbB9xXCl.npy,N3,False
o6L9qkb6qV.npy,N3,False
r1siSVQJ3Y.npy,N3,False
MYHFG59C8P.npy,N3,False
CRqHhxRw1h.npy,N3,False
hY0j3qqLr7.npy,N3,False
mXXTU5rfrJ.npy,N2,False
yMfUkuRiWy.npy,R,False
6AcRHAVdk4.npy,R,False
GNu9sOIwqf.npy,R,False
XsF9NO5CYt.npy,R,False
7NxzNZ7Ic3.npy,R,True
NeCbuU826N.npy,R,True
EuiPJBXfbg.npy,R,False
ccqDR5E0dc.npy,N2,False
Pdl2rNI0Bf.npy,N1,True
69K2ZmsdZI.npy,N1,False
L62O9zMrIz.npy,N2,False
SNbmuhg6jN.npy,N2,False
j3hR0IOWdv.npy,N2,False
VCnSQLJO0d.npy,W,False
rCfnZOXBan.npy,N2,False
jDaiLUo3fu.npy,N2,False
5ZrLZXf5Qs.npy,N1,False
7Tqf6Zhi6O.npy,N1,False
e4010w2b43.npy,N2,True
PkJpeZS7Mu.npy,W,False
mZZBvPMwN4.npy,N2,False
2s8DQbxZqo.npy,N2,False
sTl6ZfjXVe.npy,N2,False
XKyrUOA0Nz.npy,N2,False
czwJFK0YDe.npy,N2,True
GmGUw0XxEs.npy,N2,False
JoIAc6krwX.npy,W,False
8yv2yqSwbv.npy,W,False
BIVw77sH5v.npy,W,True
Su9j0r0JCJ.npy,W,True
9mh8VTtYwb.npy,W,False
8J2nHxjy7b.npy,W,False
CByzTMwOul.npy,W,False
lwm7wn63iC.npy,W,False
8ODMN4VSho.npy,N1,False
TfEEMYfXcY.npy,N1,True
rrdGMQ0dUH.npy,N2,False
MYFC4fUAG2.npy,N2,False
UPTLGcwPl8.npy,N2,False
rZ4JGeNt0k.npy,N2,False
T3X96FL9ev.npy,R,False
C9ONPFc4V2.npy,R,False
yXM4CWMg95.npy,R,False
Cb4CBPR62S.npy,R,False
ojMOIRWil1.npy,R,False
g0slawrDgw.npy,R,False
wJ62nUs1jM.npy,R,False
Cf5gyfStpQ.npy,R,False
8KHbPZxLX0.npy,R,True
F9JC1BMPip.npy,R,False
z7K3O9fpCU.npy,R,True
AXL7UOrbBE.npy,R,False
TPBqpaEXF0.npy,R,True
azGxufrvXz.npy,N1,False
2TwlOXbIbR.npy,N2,True
n2KlKAubPC.npy,N1,True
Cu481uEGXa.npy,N2,False
692RKzd793.npy,N2,False
nI9QJhwn7d.npy,N2,True
UHJjdUtfsH.npy,N2,False
cMHt830qCV.npy,N2,False
m3yt5ejbCq.npy,N2,False
9YtgUjua9k.npy,N2,False
h33gSI4SGH.npy,N2,False
pEClbY7hMl.npy,N2,False
PzESqYXZjJ.npy,N2,True
yL2AsY2v1q.npy,N3,True
8F5zSL8d2F.npy,N3,True
HIqKgzk8Uh.npy,N3,False
ikwv6juhMA.npy,N3,False
S0am8NMcd6.npy,N3,False
EXRIJIHjWc.npy,N3,False
y9HiwSx5dx.npy,N2,False
B3kDkLhC5a.npy,R,True
yiGhTsju1w.npy,R,False
YLGXrNIm5H.npy,N2,True
UO0CRO0aJp.npy,N1,False
xYfFIfiika.npy,N2,False
1kcdEhDwBu.npy,N2,True
4kIHW1hqFw.npy,N2,False
t9GoImvT6W.npy,N2,True
1kfRMLdsb0.npy,N2,True
GsMdOv0jcJ.npy,R,False
LMO90rS9ix.npy,R,False
uPkBeKVUON.npy,R,True
4FjsRwDY1g.npy,R,False
XoGsImfFlo.npy,R,False
gzB13PzXZW.npy,R,False
8zDs4ZXilU.npy,R,False
dtQLAQ4Jp5.npy,R,False
UzXWMngoC5.npy,R,True
3pdzkUiZmp.npy,R,True
6fx5GmVMfD.npy,N2,False
nCDW1fbMhz.npy,N2,False
FCRcIXIjQv.npy,N2,False
j4GoSosjT1.npy,N2,True
FPvMy3Q2KA.npy,N2,False
FCEnDKTrL9.npy,N2,False
68b187h4TD.npy,N3,True
idVJM1Uiqv.npy,N3,False
XtQj1HcUVr.npy,N3,True
0ppXUKofeB.npy,N3,False
60VBCJgNK3.npy,N2,True
4jCIKtfdI6.npy,N2,True
cXVsugsquz.npy,N2,True
hm87XlPcU8.npy,R,False
IAnSEZVKgG.npy,R,False
dSz9uge8lb.npy,R,False
0eY9d9IlLa.npy,R,False
d11yxTTbYG.npy,R,True
MKhBhDcLri.npy,R,False
qlegqdxeYY.npy,R,False
IJZ4X0N1wq.npy,R,False
LJSVQOe0li.npy,R,False
feB6wkxaTg.npy,R,False
yaHK3TvgK3.npy,R,False
9iC9a3vedv.npy,N1,True
3FtDkp2C6i.npy,N2,False
FUWlLz2GMH.npy,N2,True
BvwOtGJ3x2.npy,N2,False
9J8hln3Qzh.npy,N2,False
obw6CKGMQJ.npy,N2,True
fXTXoLzCOo.npy,N1,False
FAS4zkkVMh.npy,N2,True
A5b36YDhQ5.npy,N2,False
HM93M0Nwhf.npy,N2,True
8KuqlTUIOy.npy,N2,False
pVryvvpkTo.npy,N2,False
zPl79muQjO.npy,N2,True
QZpx93omkD.npy,N2,False
CouNpVslmL.npy,N2,True
7HRHyOxDUc.npy,N2,False
1ooH0MCEVN.npy,N2,False
21RUL174xg.npy,N2,False
JUzes1klcq.npy,N2,False
hnFzw67htJ.npy,N2,True
g8HPfKYSny.npy,R,True
JZuZpWfHfh.npy,R,False
5AmRco3MT7.npy,R,True
T2oH3QXPY7.npy,R,False
BfmE5Feboz.npy,R,False
yUlYYUNghy.npy,R,True
Ibk7Q9Ell3.npy,R,False
yNiYJObjym.npy,W,True
lPJZQQEwte.npy,W,True
vWA0Lzhvwc.npy,W,False
LJZodBm9AK.npy,W,True
KEJ6fwXmh5.npy,W,False
6gTlhsObno.npy,W,True
xOHNicIDES.npy,W,False
ahsv6Swye4.npy,W,True
mZ5LodVhi0.npy,N2,False
eCgtHAGry7.npy,W,True
8BYa5jpcS6.npy,N2,False
59zhLNTtUM.npy,N2,False
cFZEjuwOgx.npy,N2,False
e1GZHKcWWM.npy,N2,True
OoN6wpbxQX.npy,N3,False
t41y4syhha.npy,N3,False
YnxbbpIW86.npy,N3,True
uLLkEebjtM.npy,N3,False
gphT2QoBZF.npy,N3,False
GF2PEmLnDA.npy,N3,False
mUJV6fTVnh.npy,N3,False
cQZKaxD1Tl.npy,N2,False
qiC4Ks0W7c.npy,N2,True
1XkuLDNvaY.npy,W,True
ZyPfymtK0d.npy,W,True
xC9mO6MjEG.npy,W,True
N5j9G8ORa2.npy,W,False
FNlYT4gkYb.npy,N1,False
lBQOdbm9Ty.npy,N1,False
8LoT9Q7yax.npy,W,True
UKEo5M6LpD.npy,N1,True
IrPVFTgT23.npy,N1,False
Oz4byGX7Lj.npy,N2,False
61Ce9z2SHQ.npy,N2,False
3RuV5Rz42r.npy,N1,False
3qZ9LWa7jZ.npy,N1,False
8lyXv4Pkgs.npy,N2,True
b8obYp9hmk.npy,N2,False
UaN8KcSngL.npy,N2,False
uC3DmYrIPU.npy,N3,False
16SXu5DccB.npy,N1,True
R1Jv9X09l7.npy,N2,False
6gyknUktZ3.npy,R,False
aLwJHi3BLX.npy,R,False
uDHECHEg8x.npy,R,False
ndAece5veD.npy,R,False
YCEFjgWFK3.npy,R,False
rWY0Tvf7w1.npy,W,True
eLUMxqhd0E.npy,N1,True
sDy7qGIE6q.npy,W,False
bwGanoJydS.npy,W,False
LbsuW5qgmo.npy,N2,True
rwHE0ABCZy.npy,N2,False
RgcWxEnlcl.npy,N2,False
U1XnjxisDa.npy,N2,False
bo8hIudNE8.npy,N3,True
1gDE67fvNa.npy,N3,False
4hRAJQrLZw.npy,N3,False
icDLJdZhow.npy,N3,True
KrKz3tVDgm.npy,N3,True
UbFMpKgDTu.npy,N3,False
n7KIfDLTao.npy,N2,False
9XSzgzqCD3.npy,N3,False
T9FdwJ0UH7.npy,N3,False
6oChn4wgsF.npy,N3,False
YzE7EgRBST.npy,N3,False
zOBSifpiwH.npy,N3,False
4g1GhtAoY4.npy,N3,False
MFXfq1Dgb7.npy,N2,True
bFoOGRjuzA.npy,N2,False
y3iN25r8MV.npy,W,False
l9voPvlSAM.npy,N1,True
EJs5jYQvG7.npy,N2,False
IOotTCVVrv.npy,N1,False
E8Tu81dDV5.npy,N2,True
IRsRGWdxiZ.npy,N2,False
ODlQWm2l9m.npy,N2,False
xG45Cn93La.npy,N2,False
mWjelrhWLY.npy,N2,False
CEMzOOSeZX.npy,N2,True
2jFn6K1izi.npy,N2,False
tQTsXEvSyR.npy,N2,True
zLYLL5bvoq.npy,N2,False
yCenSe2HQq.npy,N2,False
NW5Ttygubs.npy,N2,False
B08JK0ily9.npy,N2,False
jEBBWUhari.npy,N2,False
OpT4GluUJj.npy,N3,False
LAkVxewJze.npy,N3,False
gFXy5qYgKL.npy,N3,False
DDCzcDh76m.npy,N3,False
FFbBeEc8SH.npy,N3,False
97VUU0Ff3m.npy,N3,True
i9mTQFMUK8.npy,R,False
DAFCI226Tu.npy,R,False
TthIx3GVXl.npy,R,False
q8nvGClEi0.npy,R,True
j6Xblk7a7e.npy,R,True
bMnVqqaoGf.npy,R,True
S4N3hZ3u1S.npy,N2,False
saiLHfRmEB.npy,N2,False
tJVjpe7QRC.npy,N2,False
wAnicKfDC4.npy,N2,False
oCPGfUz02G.npy,N2,True
pnZLBg2lgy.npy,W,False
T2kcQuFhXM.npy,N2,True
F0m7BtM9XT.npy,N2,False
BR7KtZavXe.npy,N1,True
Ooxc5CFLqj.npy,N2,True
bZiSo060Mo.npy,N2,False
YC7Bm5rUTZ.npy,N2,False
ItioRycQKc.npy,N2,True
uzNPw5ZhZO.npy,N2,False
x3fCs8CkAt.npy,N2,True
GJrzbkswUd.npy,W,False
bRMwSKIcdD.npy,W,False
1Eo57KELYt.npy,N2,True
Zj8jgpN0Le.npy,N2,True
3Mz4sjcAQI.npy,N2,False
7I7UywUY0J.npy,N2,False
cvGeJCe5HZ.npy,N2,False
30RNu0mjCI.npy,N2,True
aPOJbhy6ly.npy,W,False
sw5jQK0UPj.npy,W,False
a0YCOk2QWx.npy,N2,True
bCB9cjDbKn.npy,N2,False
3EjM1Ib740.npy,N2,True
Do7i5QZblE.npy,N2,False
50lENcMUDj.npy,N2,True
lwOPClj2ZM.npy,N2,False
4ePsAmozPQ.npy,N2,True
26x3uhR8G1.npy,N2,True
MgW0IDVJG2.npy,N2,False
w3Gn0uzs0k.npy,N3,True
8gZw3C6uhf.npy,N3,False
aYH5bcpgpy.npy,N3,True
3qDISmgRPY.npy,N3,False
wEgAE5Bhb0.npy,N3,True
1wzXzTlT5w.npy,N3,True
PDZy7v3hIC.npy,N3,False
nMgYY83AWH.npy,N3,True
JccAHf5i37.npy,N3,False
T4ypxCcSaF.npy,N3,True
5c3HtsdtdA.npy,N3,False
siMTkxuoDZ.npy,N3,False
wprwZs0UTE.npy,N2,False
9GCjpVmOTG.npy,N2,False
3NBXg26qM5.npy,R,False
MNDlaCTQMZ.npy,R,True
ZMB96Yrj94.npy,R,False
ak0j7T08ax.npy,R,True
A1lnWQwn1V.npy,R,False
KqVnUw8cf9.npy,N2,False
4KSZnBQb6Q.npy,N2,False
ceC1JIoZtA.npy,N2,True
tGpM19rvos.npy,N2,False
mjZJYckYtt.npy,N2,False
l8ySPk6XVI.npy,N2,False
UO0phtkU8l.npy,N2,True
VeoYyZWJWH.npy,N2,False
VzZSwQumVr.npy,W,False
1wz0anUom7.npy,W,False
pWPIuuzZ22.npy,W,False
DZ4ztmfzj1.npy,N2,False
o8MSRd5UXA.npy,N2,False
Q0qyGph4j4.npy,W,True
YvDqPus692.npy,N1,False
7V6TJWOgQd.npy,N2,False
bPZNHkPFLQ.npy,W,True
VBDyvzByPv.npy,N2,False
XtjK6vSYnv.npy,N2,False
bKSsfgK2QR.npy,N2,False
kgyBJ2WBod.npy,N2,True
87f12w5NJ5.npy,N2,True
F5KRji0m97.npy,N2,False
Ookk5p1kGk.npy,N2,False
ncUjilqMeR.npy,N2,False
vkBlSPGObR.npy,N2,False
Jmfy40joGh.npy,N3,False
3MWjiX56ZZ.npy,N3,False
VIUj2Exyil.npy,N2,False
AQNX3mrM7V.npy,N2,False
dHcpujJEL4.npy,N2,False
FOwBahSoJM.npy,N2,False
STa3NoGzTb.npy,R,False
KyJX5mWfP1.npy,R,False
ArhZfhiVqs.npy,R,False
9AwUOlPhSu.npy,R,False
MJZerEoYNu.npy,R,False
Mr3sfWNg4z.npy,R,True
nC2bBG8Cp8.npy,R,False
CvdyNqABKQ.npy,R,True
KRT02I5LXn.npy,R,False
ShbJvZufjL.npy,R,False
Tyl2y3r9A7.npy,R,False
fL7rmkwCfV.npy,R,False
zdKadqfEBY.npy,R,False
UODIKD1VPD.npy,W,True
QGUMmE1U8y.npy,N3,False
hCelFX2oT8.npy,W,True
Xtry7BnBod.npy,W,True
nADqxzszAc.npy,W,False
B7NRApsjUC.npy,W,True
ieNVkEbfSv.npy,W,False
DfM0TEB4Ak.npy,W,False
jgm5Qof3Yj.npy,W,False
RC8cu7DUn9.npy,W,False
oeASvA4j8a.npy,W,False
WGFUg9hpXF.npy,W,False
DeTvZc2ppp.npy,W,False
AzXR4vML56.npy,W,True
EG7lBsXAXi.npy,W,False
QqozyKLlnD.npy,N2,True
3hJYsdTQ33.npy,N2,True
cmxAUPuVA7.npy,W,False
Nn6YBAi2fZ.npy,W,False
sznA4wRWbr.npy,W,False
hq06gRBOXT.npy,W,False
Akreb73aFo.npy,W,False
jhkKDOGuBL.npy,W,False
Qzgq14EYgo.npy,W,False
dn8y9RiRkA.npy,N3,False
AW4dQRaMHQ.npy,N3,False
9Kb2sDApIX.npy,N3,True
GolSVjplFX.npy,N3,False
RB7BTm7c9Q.npy,N3,False
iv6MciULly.npy,N3,False
8ChfC0dP0D.npy,N2,True
7bNREdxsJt.npy,N3,False
KvtPMQHIFt.npy,N3,False
NvjDA4MqTl.npy,N3,False
ibsR505mze.npy,N2,True
o9wTHUOKP5.npy,N2,True
klsOqljf9J.npy,R,False
MLx4hKNNKo.npy,R,False
8koPdsDCbE.npy,R,False
THHc2RpUu8.npy,N2,True
elOzPn7THP.npy,N2,False
2AlGQGTJhf.npy,N2,False
ZG0Oh6QR4J.npy,N3,True
pqaK3ZOQBy.npy,N3,True
X2zMQBQrHg.npy,N3,True
UuqjTToRk9.npy,N3,False
syOAAfb8ds.npy,N3,True
t855q7byS6.npy,N2,False
wdGXRM2ibh.npy,W,False
887d2fUZdy.npy,W,False
ORog5SazIy.npy,W,True
CDTigdOHnq.npy,N3,False
WlaWxfvA9f.npy,N3,False
PENQxWGsW0.npy,N3,True
Yjq0hl8aoz.npy,N1,False
s71DjGZmyk.npy,N3,False
kj8HNXG55P.npy,N3,True
Eybgt0cPat.npy,N3,False
d44VIAitbj.npy,W,True
ROOMYQpx3c.npy,N1,False
US2sS0pgy3.npy,N1,False
AqoFCHkQ1u.npy,W,False
2CQWNyJGW8.npy,W,False
VULygH0kIz.npy,R,True
afkNbSZcRW.npy,R,False
tyHTHDlEr5.npy,R,False
9fyBqrHD4I.npy,W,False
TgQKCSADmA.npy,N1,True
xDwQuQMyjZ.npy,N2,False
dXztd96Gsb.npy,N2,True
AJpmrehU9z.npy,N2,False
RMJu8YGxir.npy,N3,False
RrBqhnWieR.npy,N3,False
mdj3jde9B7.npy,N3,False
X5UxOdSwkj.npy,N3,False
dinYVVaVut.npy,N3,False
XGKDoUmsvv.npy,W,False
WzuEf4m5jC.npy,N2,True
bHLfFd6qCz.npy,N3,False
dLSKoUW0g5.npy,N1,False
EK51FfnZn4.npy,N3,False
61V0TiNhb3.npy,N2,False
qTblmZ1san.npy,N1,False
YSIKDeOOoV.npy,W,False
4vtozE569z.npy,N1,True
Sh95EJH9Oq.npy,N1,False
5ROdVAqlG1.npy,N1,True
k8KAXSxNtS.npy,R,False
th9rTcprwa.npy,R,True
PTcci6iMQT.npy,R,False
F1scLp3d4i.npy,R,False
ubMtc55D0P.npy,R,True
jHlOZC0aRQ.npy,R,False
kdybetYqqL.npy,R,False
d6Tq6XPAIl.npy,W,False
dQoapf9qfm.npy,W,False
3cvK16jD5T.npy,N1,False
c8iDoRn6Yd.npy,N1,True
lTit6XgJK3.npy,N2,False
5AOjUmdtH4.npy,N1,False
jwNaJfg5hL.npy,N2,False
HD3dQ0u1UE.npy,N2,True
euqeLDlWA6.npy,N2,False
BUIuGxLXEX.npy,N2,False
0bQetUfYKF.npy,N2,False
ZzmoRyaaWH.npy,W,False
nepkHf8USp.npy,W,False
c62TMLAX24.npy,W,True
j11ALLCmph.npy,W,True
1qJ4UMIM4v.npy,W,False
MykfDZCQPE.npy,W,False
GE60Sv5S1y.npy,W,False
VzJZnpRUh8.npy,N1,False
3RgQjO8lER.npy,R,True
OwA3cHPCsG.npy,R,False
lr22pxUkNX.npy,R,False
M1u8RievBC.npy,R,False
CLDHYekF6d.npy,R,True
8szCqYiwgp.npy,R,False
r24dUwihLw.npy,R,False
o3RzKjtj2P.npy,R,True
Dx7uqkmD09.npy,W,True
EEPO4q8xTR.npy,W,True
yyDUd0wtPz.npy,N2,False
66R4uzCghL.npy,N3,False
rTRxHZuMaJ.npy,N3,True
PHKP2xUgdN.npy,W,False
knYulxi66u.npy,N3,False
nSKn1EYDyp.npy,W,False
UZB3asvjNL.npy,N2,False
TDzsJnCuTF.npy,N3,True
n7cEN1aqP7.npy,N3,False
LbgdcCAsEN.npy,N3,True
EB2Mopb91Q.npy,W,False
SybZnvLHd0.npy,W,False
B2UySXgJx5.npy,R,True
gnwDMIHiS1.npy,R,True
aAL85DvmuT.npy,N1,False
aKUlGYCSsw.npy,W,True
gtZFcP33bt.npy,W,False
cMR7lURU3K.npy,N1,True
TuElLVjuxC.npy,N1,False
MFIg2c8HXr.npy,N2,False
diZA4rqIOQ.npy,N2,False
cDVHU8Bl6s.npy,N2,False
5zkCdhSMNZ.npy,N3,False
4c6DgaccgC.npy,N3,True
r7YXAUJlv9.npy,N3,True
cfAPRvFkX3.npy,N3,False
nmugDnuSLY.npy,N3,False
wsFOaLq1gS.npy,W,False
wbYyhqPzW6.npy,W,False
jHnIBQv1sP.npy,N1,True
3AhUWGmBMP.npy,R,False
cQKSlgSPcA.npy,R,True
HRWEvDWc2v.npy,R,False
C6OJsajP2x.npy,R,True
vNr2hzoACU.npy,W,False
au6Sfk6EX0.npy,W,True
239ZLWno3C.npy,W,False
ZNSIDoS6gz.npy,W,True
ZjqNDWxDgK.npy,W,True
vGB1fhqEFA.npy,W,False
dgIpggLxTn.npy,W,True
wGJBWN3vBo.npy,W,True
1G6eAlCAcV.npy,W,False
pSvN8tlHG4.npy,W,True
gSHh1xvMtB.npy,W,True
yLe2vm5FG6.npy,W,True
mSvnlwc7w9.npy,N1,True
iClr2lDwLy.npy,N2,False
p3ZWsc0xYW.npy,W,False
bwEFBX1jvS.npy,W,False
UWbwbkyuqa.npy,N2,False
L9sagfWMGy.npy,N2,False
gaIjnuwkiF.npy,N2,False
hqxkrElosp.npy,N3,False
KLI7H5O0K8.npy,N3,False
xS1n1BxAXE.npy,N3,True
6Jg4l92TNZ.npy,W,False
FeHRzO6E0n.npy,W,False
1FnYyHxRiD.npy,W,False
NOMU8p1QwE.npy,W,False
HxW5jYcH56.npy,W,False
NjKi47nFoV.npy,W,False
tYdAm7WlFC.npy,W,False
jwQFXPLdLZ.npy,W,False
rgDfohkHgP.npy,W,False
v0eJH0WYsc.npy,W,True
fRuY4kSWIs.npy,W,True
yx5nQwQnyT.npy,W,True
StRXfEusOG.npy,W,True
gMmimgLAK5.npy,W,False
JQQjyOFEU5.npy,W,False
FsYBG2DPq5.npy,W,True
ylA8oCvGQO.npy,W,False
7Tr7OfxyEu.npy,W,True
p1eWPSRiTY.npy,W,False
SQwrdcvq7O.npy,W,False
SYjmW9ifPv.npy,W,False
LpScl0US6F.npy,W,True
hJd3Fi0eRI.npy,W,False
rfbZDN0zQj.npy,W,False
V3TogZrzY0.npy,W,False
96I7N6kWat.npy,W,False
Ep1WJr4Vez.npy,W,False
StYD5yan7m.npy,W,True
egMAIcqQtB.npy,R,True
o8YSmcKb5z.npy,W,False
0bwqErxkWt.npy,N1,False
1N242XKL2G.npy,W,True
sFLKl6SSg4.npy,R,False
ayTehRPvma.npy,R,False
pbGjP2e8Qc.npy,R,False
TcjRjpQFjb.npy,R,False
GRcH6Z9sd9.npy,R,True
CwNNSJidXs.npy,R,True
WDNQawIGuW.npy,N2,False
6Q4yKatqs3.npy,N1,True
HksCQlmjD6.npy,N2,False
3oDmHMpWIp.npy,N2,False
FFGEOFcRow.npy,N2,False
ERV3UDtseT.npy,N3,True
Juo6wlVSet.npy,N3,False
T8pRuJqAaw.npy,N2,False
n7HDDmIAUv.npy,N2,True
8JlDsUSoIl.npy,W,False
gsoZzLpUD1.npy,W,False
Y3sC2zZJV1.npy,W,False
Ab7VdvvoIj.npy,W,False
GLT5ckPmP1.npy,W,False
DJxie7Xbod.npy,W,False
BxLFVMLnoY.npy,W,False
2jOsIQoSbb.npy,N2,False
AOf4azXGLJ.npy,N2,False
biPlrnHZ3W.npy,N2,False
lMkRO2Xu8t.npy,N2,True
EZu2CD7f9B.npy,N2,False
p3jPM7Or6O.npy,N3,False
6LapTSNglJ.npy,N3,False
yYewny1I0a.npy,N3,False
2tJoz9ewnp.npy,N3,False
R2r6rVW4dv.npy,N3,False
sWWQvWRGqp.npy,N3,True
Cxd8c8Mtxm.npy,N3,False
5zVOKYtqxv.npy,N2,False
YcCHb0O8Qm.npy,W,False
J6DAEh5QRw.npy,N2,True
eQKHpm0SWH.npy,W,False
O2yxz4phlV.npy,N3,False
RkBPW4Rerg.npy,N3,True
XT71hNdl2v.npy,N3,True
aiNFCiY16y.npy,W,True
jkWCqHHQKR.npy,W,False
mabf5PNzI8.npy,W,False
T3MaTaJ3er.npy,W,True
eeJknWyZeJ.npy,N1,False
NoZHoI2CR4.npy,W,True
UMdMn5CqsQ.npy,N1,False
FyBAMx5sHI.npy,N1,False
Pu7d1C6aXV.npy,N1,False
bFfjNbkIMt.npy,N2,False
rl5cGKnNVV.npy,W,False
2zuIDP9MUp.npy,W,False
W9PjvmvT36.npy,N2,False
kSd7dphURh.npy,W,False
lT24cgdX8f.npy,N2,False
JxnA3A3Rbn.npy,N2,False
3el6mSzccT.npy,W,False
k9Cux7sYHH.npy,N2,True
gvVIKQNXoP.npy,N2,False
hnVgVQeN7H.npy,N2,False
rdYk9kf9kz.npy,N2,False
XzAtaRuzmu.npy,N2,True
qd0kHVc2AY.npy,N3,False
0lWLnbBrza.npy,N3,False
2Jfj6qN8El.npy,N3,False
g48W85JX8B.npy,N3,True
gnt0UbHnT2.npy,N3,False
zMUaEsMKga.npy,N3,False
32eyxZZhM7.npy,N3,False
GHVcNZNVqH.npy,N3,True
CC1edJCZoa.npy,N3,False
cEIFVxg8CB.npy,N3,False
Fr8Hp5hgcU.npy,N3,False
bHLHgvyBtA.npy,N3,False
1sewIo67q8.npy,N3,False
M5AzStNqQ7.npy,N3,False
2jdlqwMu5C.npy,W,False
b6nLgtfudu.npy,W,False
NCx6VGm3XN.npy,W,False
nPexGdIS85.npy,N1,False
aYvusFxBOs.npy,R,True
rPNG8uuaTM.npy,R,False
0RePfVDgqy.npy,R,True
F7qs4QvYK1.npy,R,False
tPYCOJwHle.npy,W,False
SvKb0ywI6B.npy,W,False
saGks5EVDz.npy,N2,False
UqbnXC59B9.npy,W,False
7QLYoDIALS.npy,W,False
C74nj52sTb.npy,W,False
GUTwpwOmtl.npy,N2,False
L2dgaqQxXo.npy,W,True
8JpbsD1cwj.npy,N2,False
OLfB5V7ihn.npy,N2,False
vgDpYcnDU8.npy,N2,True
QLtHRI5XCG.npy,N2,False
9lVaa5FhEr.npy,W,False
LuiWnysTdz.npy,N2,True
rO1mX4AIgp.npy,N2,False
YbrXXCZZm7.npy,N2,True
rp3zPVm5HP.npy,W,False
erBPmcsFjn.npy,N2,False
0ORldycJR3.npy,W,False
yiPVBjwmro.npy,N1,True
SAfUwTdpjR.npy,N2,True
FTGfWWmagK.npy,W,False
Ljxk62v7La.npy,N2,False
RBiHPLMuQ4.npy,W,False
uZeBBuDoCQ.npy,N2,False
SBIBTVXpyL.npy,N3,False
T6KsSAx5eK.npy,N3,False
x5hI602Czf.npy,N3,True
9kotbs2EXu.npy,N3,False
D8QOCBqwEy.npy,W,True
EZbpHpkwPw.npy,W,False
8hT8BMKmeb.npy,W,True
k6eINW2i3H.npy,W,True
6TE82smxDf.npy,W,True
Yrefx583UK.npy,W,True
dl2m4gAfQS.npy,W,True
xnpREfjc9c.npy,W,False
QoIZvW3vIn.npy,W,True
fYKoog1JgR.npy,W,False
3687K93zFy.npy,W,False
uXztCDyhuc.npy,W,True
jDSb1Si1Fg.npy,W,False
VtemOTXt8J.npy,W,False
eZwhccV13y.npy,W,False
PRZnngh9kz.npy,W,False
P45vT05iWQ.npy,W,False
aL3hvD3W4Y.npy,W,False
AH4ZtiKrFe.npy,W,False
iObVLMVT8M.npy,W,False
2uv3W0Tned.npy,W,True
wr4dxJJQ3Z.npy,W,True
ijnLcHcyOK.npy,W,False
d3KvyGMB3d.npy,N2,False
J8NMF8rmYQ.npy,N2,True
zzNWbHGg4I.npy,N2,False
Bm6LuLX1be.npy,N2,True
Hm4126Pyid.npy,N2,False
pYzK2sVyxo.npy,N2,False
4V3Q8KFfGE.npy,N2,False
IMINJhXcee.npy,N2,True
4FGiGht72U.npy,N2,False
YcCxiGSl45.npy,N2,False
sgavrIxGki.npy,N2,False
09fgp4AZ8A.npy,N2,True
duIzNbz8fx.npy,W,False
JHvQlwjDKx.npy,W,False
qsIvZJkIyK.npy,W,False
hoZRzHHqnY.npy,W,False
iO75JNQsh8.npy,N2,True
i5vhVfqXm5.npy,N2,False
6wkaDiFrSp.npy,N2,True
k8blNUSrlw.npy,W,False
fHLIJX09X8.npy,N2,False
oSEyDASxGM.npy,N2,False
catF1UzBu3.npy,W,False
w07STt7TEp.npy,N2,False
5MoK6V8Pr2.npy,W,False
02EcdknfXU.npy,W,False
ztlfFgpdjB.npy,N2,True
YQwywfzVDn.npy,N2,False
qasqu7gh2R.npy,W,False
PB1uT1Poi3.npy,W,False
gffpzmfdrc.npy,W,False
FC3FxVRalH.npy,W,False
eLHEoFvA4K.npy,W,False
vnMXBtKVwM.npy,W,True
qAzRhnMVSU.npy,W,False
pzt16K0AQ3.npy,W,True
KytqWdiTN5.npy,W,False
SOWKhReoTX.npy,W,False
K3hMCUQUzs.npy,R,False
h3ekt93RRd.npy,R,False
SRvOjVNgje.npy,R,True
wcHcU1RJpb.npy,R,False
nj03zhUgiL.npy,R,True
UcG0l1pml1.npy,R,True
zhvP38H7N9.npy,R,False
uxcc6PTv7Z.npy,R,False
c071S2zLGO.npy,R,False
TIbrpu4T2u.npy,N2,True
6DvYMYGU1n.npy,W,False
2MlyySbKOf.npy,N2,True
jjgNZ3y8MR.npy,N2,False
bffsxmzJzZ.npy,N3,False
MTqQxfHg2M.npy,N3,True
cPnkq48hS3.npy,N2,True
8o6g1fi3qm.npy,W,False
5KGpJqbtrD.npy,N2,False
8dZ3m1em25.npy,N2,False
nPRhVVHUon.npy,N2,False
EzcPzp6iyR.npy,R,False
nuVjkb4MRa.npy,R,True
pAlPwmvmwM.npy,R,False
aacw36HFwJ.npy,N2,True
VTxASke8Sl.npy,N2,True
XnmRnCcp72.npy,N2,False
iKrbU5ybrU.npy,N2,True
mBP80o7pw5.npy,N2,False
MScK3BG582.npy,N2,False
0WHSKc5Mdt.npy,W,True
g6HK2EveJ7.npy,W,False
lSXM6Cwvt3.npy,N2,False
V5SCGubdwD.npy,W,False
x8WsWlrDfT.npy,W,False
gflqQRay69.npy,N1,False
MDEQIpygOI.npy,W,False
V3SkvLY4Yb.npy,W,False
T0Ss18XxLP.npy,W,False
RuhmEt5XER.npy,W,False
bFFt1Dq8Iy.npy,W,False
qEzDKizDNP.npy,W,False
sEYjJxiKQP.npy,W,False
EVIVOF6Ivh.npy,W,False
DTXd4ebYY3.npy,W,False
mfELXYjQDA.npy,W,True
AGH4qlmBfD.npy,W,False
YKAZZohtwZ.npy,W,False
M03uSfG4VM.npy,W,False
bLv2TqTxyx.npy,W,False
yU0hR897dJ.npy,W,False
96VrbtNOvB.npy,W,False
UnBfDh3NJb.npy,W,False
kqwQqEZAeP.npy,W,False
gCCuCVFbAS.npy,W,False
qBresQ9ggE.npy,W,False
woBaeQOJ4y.npy,W,False
8UQQNmT1Kf.npy,W,True
tMWc7sVP1o.npy,W,True
57u3ACgFH6.npy,W,True
ailYUoHNFd.npy,W,False
5f0CWdx77X.npy,W,False
9e7PUO5QJv.npy,W,False
7MAN4sxLBd.npy,W,False
Nud4RnkvuW.npy,W,True
zWAYes7Sg2.npy,N1,False
kAIlI2VUWj.npy,N1,False
EHwnDj7JPD.npy,N2,True
kokbE25fzS.npy,W,False
CL7nXvaqR9.npy,N2,True
tlsZRwHvMV.npy,N3,True
CNvhKfDzGz.npy,N3,False
w0rQMRe5n8.npy,N3,True
lCJguMca9d.npy,N3,True
PL3MJQLIo7.npy,N3,False
O1miBYPKaL.npy,N3,False
ZsYjoBXp9W.npy,N3,True
6tmSvJSJ5g.npy,N3,False
qrpIrR5J7s.npy,N3,False
YOrnRAshrv.npy,N3,False
2KhbhQT1QR.npy,N3,False
50KvgLgNam.npy,N3,False
ocZn36LkDS.npy,N3,False
dIyD4jSjJn.npy,N3,False
wiVrMcGO2p.npy,N2,False
e8kVUEQ0ZR.npy,N2,False
2fu8SgTcJO.npy,N2,False
Nb1CPITduI.npy,N2,False
I6Mg6siKUz.npy,N1,True
BzIQVKLEds.npy,N1,True
r2UewnWwmQ.npy,N2,False
8rnJHv6w59.npy,N2,False
DcLJ9LAdTu.npy,N2,False
mqRGq8kMCP.npy,N2,False
ZjpoAnRL44.npy,N2,False
V990pg7VpY.npy,N2,False
ZnNGctQ83e.npy,N2,False
x4fK8fkE8B.npy,N3,False
2TGF4kWFtx.npy,N3,False
tJwqmSrBgq.npy,N3,False
ef7jaHzCY0.npy,N3,False
gRL8QO4Gmz.npy,N3,True
HbGTonRwd7.npy,N3,True
PkSCEpkxoB.npy,N2,False
JRZaKrs3h6.npy,N2,False
wXoeP09HRk.npy,N2,False
SIPDoIcnKZ.npy,N2,False
cK0uS3ZnTg.npy,N2,True
QwxWMQuRFn.npy,N2,False
90xXP4CU9j.npy,N2,True
cUU7hbv5VQ.npy,N2,False
evnxzZxNEC.npy,N2,False
G8eMdQbXGj.npy,N2,True
Eux2dyjvrq.npy,N2,True
ts9Vbn3ApW.npy,N2,True
B4YrG0Mbx4.npy,R,False
6QYihPPvf9.npy,R,True
bfRb3WTpTP.npy,R,False
UcFkYn338p.npy,R,False
SRQLIJQSgb.npy,R,False
zFW3drfl7c.npy,N2,False
hXqYF8BpjW.npy,N2,False
zHsCdtG696.npy,N2,False
wsn9vy5CWx.npy,N2,False
54WRP1IXGU.npy,N2,False
xWy10BKBTn.npy,N3,True
3tHLrES6Ny.npy,N3,False
VNYe2IWxyC.npy,N3,True
dPDF4IqfiW.npy,N3,False
MID2dg4QuK.npy,N3,False
0YT9I4Wc0g.npy,N2,False
2kaOMvjkdX.npy,N2,True
ROucWnNRWm.npy,N2,False
orQYmdk1eD.npy,N2,False
7vnSKuyYlF.npy,N2,False
ekar90retG.npy,N2,False
ip0GPmgYUY.npy,N2,True
6q1mBAF76N.npy,N2,False
yk8kpyBqme.npy,N2,True
RkX4yKiH60.npy,N2,False
saOIfdmJ7s.npy,N2,True
3d3VXiclTw.npy,N2,True
JABItDewmP.npy,N2,True
EP9Qr34YJh.npy,N2,True
rFEADmhfI6.npy,N2,True
eLNr0pjktr.npy,N2,True
2msJUzRVEG.npy,N2,False
GFI3FljvOx.npy,R,True
vJ32FO0fQP.npy,R,False
JHO2ofHbh4.npy,R,False
9ZQX5aJ86i.npy,R,False
P7JVee5iih.npy,W,False
NU9VvWaIH1.npy,W,False
6CPckS8tNJ.npy,W,False
35BY1VjQYM.npy,W,False
Tgj9yG1Yju.npy,W,False
uZvwHYyXVO.npy,W,False
Oe4IrgjGjR.npy,W,False
8Zn11kmu5B.npy,W,True
ZJ3z9T0Rse.npy,W,False
qqmOY08fpm.npy,W,False
zSIWqBo9TG.npy,W,False
khFeTBB7Jr.npy,W,False
4N6GTY92eA.npy,N2,False
uDO7rANFtb.npy,N2,False
u4xmFrwpLd.npy,N2,False
HRi0rNVhK1.npy,N2,False
zLQGhMrUgX.npy,N2,False
Bl2wR0PVvP.npy,N2,False
wWEsNOGPF3.npy,N2,False
1tmIPCERmE.npy,N2,False
WfcSHRvfLf.npy,N3,True
OqG1YKbHNe.npy,N3,True
8H3IJRCBVZ.npy,N3,False
MhmrVNUFWE.npy,N3,False
PLSGjdEsl6.npy,N3,False
FE5nfCCjul.npy,N3,True
viqy8jwT24.npy,N3,False
hMnLe9Hl5M.npy,N3,False
J1Nm7d3aQS.npy,N3,False
rn8bHj8LmW.npy,N3,False
bfWeMstITr.npy,N2,False
9iSTfF6pSf.npy,R,True
dlFEiv8nNH.npy,R,False
itJXYsKFsd.npy,R,True
TgdX5Uyy6D.npy,R,False
LcqGmnRJ2k.npy,R,False
zd8w310ER1.npy,R,False
lllA4D9xBS.npy,R,False
RbrnLagRW5.npy,R,False
ta7JlMQrNx.npy,R,False
s9GVgnMwfX.npy,R,False
zrFncH33PN.npy,R,False
qqBGpkYKHS.npy,R,False
pzlIPAl2hT.npy,N2,True
ei30nojZtH.npy,N2,False
ocAkIrTg62.npy,N2,False
5cGtmSkCRO.npy,W,False
88kLy3ee7c.npy,N1,True
YDAKmv0tDv.npy,N2,True
QGyql4hqt5.npy,N1,True
urrSfZxzA3.npy,N2,True
35nvO9dxH3.npy,N2,False
FXVkcHFt4F.npy,N2,False
sFSO0pHud2.npy,N2,False
7Dm29xFdJD.npy,N2,False
BQB2OfXzQe.npy,N2,False
qL4zTfUgrB.npy,N2,False
eNeYpNscmi.npy,N2,False
4egYHHOjkZ.npy,N2,False
AfgNIzRyjB.npy,N2,False
cJSRhduFyk.npy,N2,False
gK4bo3V8F7.npy,N2,False
dJznn7GyiA.npy,N2,True
DgGOGyDfcf.npy,N2,False
5uucj0wUAV.npy,N2,True
K6xsWmREHS.npy,N2,True
3kk01mp9Ul.npy,N2,False
QORTYtM1g2.npy,N2,False
Xs71MnLiRy.npy,N2,False
mmo6dp3LlG.npy,N2,False
j4LfTZkg9h.npy,N2,False
V8pq8ogQNU.npy,N2,False
CcZTi4MM3N.npy,N2,False
NrcKGmQ9p1.npy,N2,False
7qhk3Ytr4A.npy,N2,False
cqECkjT98L.npy,N2,True
cn0BUkQkxD.npy,N2,False
eNr8er1qHL.npy,N2,False
c3cVLKJATO.npy,N2,False
LiuREBJXJQ.npy,N2,True
RaVK1dsfU5.npy,N2,False
pPLkDGcrFQ.npy,N2,True
vVoHuimhPR.npy,N2,False
OtkgRO7UUI.npy,N2,True
L3OiPaAhAg.npy,N2,False
gefyTFhhTd.npy,N2,False
Bum5y0JoTj.npy,N2,False
mt6sBLWzvT.npy,N2,False
ptwB9Vqrij.npy,N2,True
u02EjekjZf.npy,W,False
0TgQ2qC1Wh.npy,N2,False
f6wxCQmnxB.npy,R,True
ib9YihULlB.npy,R,True
SRMVcnh5Hg.npy,R,True
vx8TLOf0TG.npy,R,False
EniQPYmGEs.npy,R,True
Q7AMAilVz4.npy,R,True
tu8IZF44jj.npy,R,False
BIPM25cc5l.npy,W,False
cLD8MARKb8.npy,W,False
NTaPutXUHc.npy,W,False
RsDrAOiAjH.npy,W,True
5MrKQl88vF.npy,W,False
YjZlEiehux.npy,W,False
8FhTGCnESC.npy,W,False
Gpd3L801Nf.npy,W,True
z5Lg6Meosz.npy,N2,False
67jSVMQuLU.npy,N2,False
QHD4q8ggnR.npy,N3,False
cg7IiQApYV.npy,N3,True
Yxa2P1CGbd.npy,N3,False
6EfCrrz8vf.npy,N3,True
uyp0UtMGIi.npy,N3,False
lRBLDgmOos.npy,N3,False
APt7hlNCwV.npy,N3,False
mEeoMWjMh0.npy,N2,False
6k95q4V1u1.npy,N1,False
XYC3gXLoOA.npy,N2,False
R0ZEtpFPX1.npy,N2,True
va8ePPrJSi.npy,N2,False
Is4Y23AFPk.npy,N2,False
3CVUCi3Pce.npy,N2,False
QbomPSwMNz.npy,N2,False
VJ3oLizWMU.npy,N2,True
hILipEN5st.npy,N3,False
4hgDTGAKqs.npy,N3,False
TAIpHk05QP.npy,N3,False
Cbg8Z6YMZv.npy,N3,False
U3vX6g7mql.npy,N3,False
CgN3SHkirG.npy,N3,False
zd95ZR8GId.npy,N3,False
lPRPuHv7Bx.npy,N3,False
xK3j4Udkk6.npy,N3,False
xHbHIZct1B.npy,N3,False
f0EU98FMTY.npy,N3,False
hqNt36QjUN.npy,N3,False
uYw7Kwetfe.npy,N3,False
8ZoDhMtTQt.npy,N3,True
qEtmNOLKYU.npy,N3,False
JvidEmT4ac.npy,N3,True
4co1PKjfXK.npy,N3,True
bRMipPOuFO.npy,N3,True
u9imAaGfUE.npy,N3,False
THTRacWX3p.npy,N3,False
5V24JRollL.npy,N3,False
gLAbcLC6wn.npy,N3,False
rKtt4mmps1.npy,N3,True
c4q4vkLWdh.npy,N3,False
OZplHI7jse.npy,N3,False
SIw5lJfSd2.npy,N3,False
u5CADSfApo.npy,N3,False
Qy4TjN2dE4.npy,N3,False
QmI1FhxipM.npy,N3,False
6fmZ0iJToc.npy,N3,True
OnfGlFGElq.npy,N3,False
uRDWE0RA6p.npy,N3,True
wFgyisF2vy.npy,N3,True
6oASBS7OeI.npy,N3,False
B8CJzh5bfp.npy,N3,False
d88NLwqSaI.npy,R,False
fhGMTJOvAP.npy,R,False
qc5qoqM2T0.npy,R,False
4tVzg0V9gp.npy,R,False
MUAlXr6nOd.npy,R,True
fJiM6UFbXU.npy,R,False
A5wZWPtb9H.npy,R,True
dFk2YPyzaQ.npy,R,False
O0FGOADX7A.npy,N2,False
A0fVWkYHkV.npy,N2,False
IMtGg7L5Bs.npy,N2,False
9O4FiEz3mt.npy,N2,True
twib1TdkpB.npy,N2,False
LOSmdfe6RM.npy,N2,False
WS6BG7jg8S.npy,N2,True
vzHbbsXxHJ.npy,N2,True
32avDmk3aV.npy,N2,True
3dCTnSlOVB.npy,N2,False
ce5AuQi6VH.npy,N2,False
6ja6XsC1yW.npy,N2,False
15FL9oe044.npy,N2,True
Ic7kQwmK9A.npy,N2,False
RQqTvVsfTH.npy,N2,True
MD9oM8BpFr.npy,N2,False
WpejZs151j.npy,N3,False
9zCJry5vQB.npy,N3,False
nbftmmH57t.npy,N1,False
5QhCUE4oEa.npy,N2,False
WVaJBJQArI.npy,N2,False
YHceYuFHmU.npy,N2,False
NhYvkcqCkD.npy,N2,False
OWx3TXBX8Q.npy,N2,False
A4yK2o0rgE.npy,N2,False
Gyh2nbKBAh.npy,R,False
p2Ksvx5jQe.npy,R,False
tatyHdghfK.npy,R,True
7QFjvena3w.npy,R,False
u01zM3qB46.npy,R,True
EZsd8NFJjr.npy,N2,False
DCDpnC3efc.npy,N2,False
3LKTMXY2LH.npy,N2,False
uRnF2we1EA.npy,N2,False
u1Dx1LGXa6.npy,N2,False
ussvjl6RDO.npy,N2,False
xgQGHfcClf.npy,N2,False
rGPq41gZqP.npy,N2,True
C8wRsoKEY2.npy,N2,False
nFh8viZItb.npy,N2,False
ptGUjAf6s4.npy,N2,True
HE0iHtHlri.npy,N2,False
Iq52Tus3NM.npy,N2,False
11Q4jBjHtT.npy,N2,False
5fRaPEyOcf.npy,N2,False
m9n25mCWcK.npy,W,False
uevydI4e76.npy,N1,False
cVQ90ZJMkN.npy,N1,False
B4VT6zpPdA.npy,N1,False
NdZEUE7aH9.npy,N1,False
SWyo3HiVQ2.npy,N1,False
hDdhJQ1Zoa.npy,N1,True
DH4VTKlYJB.npy,N2,True
GPPtBpSeO5.npy,N2,True
4ZwBYD0irE.npy,N2,False
ddp4vUVTH1.npy,N2,True
VsWMsNt9YC.npy,N2,True
QOtSyjz7yy.npy,N2,False
fhMSU1r15H.npy,N1,False
8G7iTHXnAt.npy,N1,True
U44wYNB2fR.npy,N2,False
qDqkXZaH6B.npy,N2,False
40wdG1buTx.npy,N2,False
PVwL1i4Np3.npy,N2,False
WnhymEMGzt.npy,N2,False
0vhrNgwzTP.npy,W,False
BYVNVi9SMZ.npy,N2,False
tMZxjbaB0D.npy,N1,False
0N4mMahYGn.npy,W,False
PcdYb7d7vd.npy,N1,False
sAb4D5SJv0.npy,N1,True
8dOqgR6O7l.npy,W,False
ock7R4ifKm.npy,N1,True
JTOEjyH2nX.npy,N1,False
ai1qynddB5.npy,R,False
qEoC5djNfi.npy,R,True
jfNpdGrem5.npy,R,False
zF1blpMKOM.npy,R,False
u12oBUfxur.npy,R,False
gjAeZc1cxL.npy,R,False
G0zruavhjr.npy,N1,True
NDBWhtUs6B.npy,R,True
zRYMfEruPd.npy,R,True
hHIj80JM74.npy,R,False
Al8iYgrmPb.npy,R,True
kiEPcNiS86.npy,R,False
iD5ZKXL2pP.npy,R,True
umdoX2sg7P.npy,N2,False
JcU7jRyWxr.npy,N2,True
3gsIkOBuNl.npy,N2,False
y7xiPUansy.npy,N2,False
O9r6t2TSuN.npy,N2,False
AEAolD3aYm.npy,N2,False
jXSsijHoa5.npy,N2,False
CRIDbZAjdl.npy,N3,False
nfcFtlhFb6.npy,N3,False
1k7cxL6lf4.npy,N1,False
51QaYdiLuK.npy,N1,False
uI6vglqoNp.npy,N1,False
HcGHQcETmY.npy,N2,False
u0BJcn7fHp.npy,N2,False
ETxeNHJDSA.npy,N2,True
mT3T8E3XxM.npy,R,False
pauUBHGlg9.npy,R,False
RMTPIiGxqB.npy,W,True
84yMNa5OKI.npy,W,False
cLXwu2sTFz.npy,W,True
aq4rsVEkrB.npy,W,False
6fF0B3Urwc.npy,W,True
9MpVEhiscA.npy,W,True
0sX3cpBY8j.npy,W,False
lDvFxDgUER.npy,W,False
IgAVbwdrx4.npy,W,False
FdNrMKooAZ.npy,W,False
gfaPKawkmM.npy,W,False
LET5fgp7xd.npy,W,False
0oI4B0CCzQ.npy,W,True
RKoyhLXuH9.npy,W,False
dIUJK7OYLZ.npy,W,True
ugmHoBoqN0.npy,W,False
y7X0NcSIYA.npy,W,False
OTbsFKofSZ.npy,W,False
Kl4TQ08q4b.npy,W,False
qDbEOiTtV6.npy,N1,True
v6k4IIcW4J.npy,W,False
lCABeOpvzk.npy,N1,False
pcKN7wy5a1.npy,N2,False
bUSSeRPCEB.npy,N3,True
I0qgErVV6v.npy,N3,True
hcSMw3JfMB.npy,N3,False
oJdK1Lyk4e.npy,N3,False
8bpXO3pO2y.npy,N3,False
u6E3j5OrTb.npy,N3,False
Iuv99fHiaA.npy,N3,True
VD1gAjY7Ap.npy,N3,False
noT1SOImJG.npy,N3,True
kgngWsRcG9.npy,N3,True
fXpcRyJyFp.npy,N3,True
zh2zC2rAwZ.npy,N3,False
tjybllSvQi.npy,N3,False
y98L5p1N6v.npy,N3,False
NuLpjFT2JJ.npy,N2,True
nI0jDg0Kof.npy,N2,False
OlzA5fdZLg.npy,N3,False
odi8YVSF00.npy,N3,False
wvbU44ve0e.npy,N3,True
vhIk4SIwqK.npy,N3,False
HHdpsEYXtb.npy,N3,True
HBxXKug5so.npy,N3,False
dzaV3eEBse.npy,N3,False
a9GBw53uwp.npy,N3,True
JQQhYPFwwK.npy,N3,True
g197jexSeF.npy,N3,True
gNIige419Q.npy,N3,False
1C6cBR0MNb.npy,N3,False
zUpcHgsZVC.npy,N3,True
HXdalNQSen.npy,N3,False
W3XZEX4Rx9.npy,N3,True
P6WENShTwt.npy,N3,False
VinY2N0CSi.npy,N3,False
YhlsBUHXwL.npy,N3,False
BnT63KJbWJ.npy,N3,False
Wlrj52MZQQ.npy,N3,False
H9i5Eac7J7.npy,N3,False
jWAiG6COqb.npy,N3,False
7FLVdHZu6D.npy,N3,False
GLyCMxOESY.npy,N2,False
cI5XSdVsp0.npy,N1,True
jKXsfzpo6t.npy,W,True
XwKXrzn9Lh.npy,N2,False
uS4QyzHjcG.npy,R,True
hULy5XaBh5.npy,R,False
V5tQnqDnQp.npy,R,True
TmCuvXVK1M.npy,N1,False
ZInwVRlcp4.npy,N2,False
F78X1Qif8W.npy,N2,True
cdkttcpP8V.npy,N2,False
nLzCR3NjFr.npy,N3,True
0SIVQPWsNx.npy,N3,False
NYrx0cLZDa.npy,N3,False
A0LSAzjNpu.npy,N2,False
SA8YTZUC8X.npy,N3,True
iDUFz4oqhY.npy,N2,True
NXnvhuYBes.npy,N3,False
ZFYh1XKHe7.npy,N3,False
CzmL7ETfTS.npy,N3,False
m9tps0sEdp.npy,N3,False
YhO9UzbwZy.npy,N3,False
k1DD6J5nye.npy,N3,False
Yla9TowZkI.npy,N3,False
YTusvJ91Ac.npy,N3,False
bHa9lyH8TF.npy,N3,False
unhQwmbzgG.npy,N3,True
GHPy3GpnZt.npy,N3,False
hk4j92AXgC.npy,N2,True
4zlsLkISM1.npy,R,False
1qEvNfGCrR.npy,N2,False
c7NqgwUQnO.npy,N2,True
unSaZqQFKy.npy,N2,False
h1OODN4Fy2.npy,N2,False
Dg3ovpCrry.npy,N2,False
dpily5ZJCS.npy,N2,False
y6rvJGcnzr.npy,N2,True
7JR0rLT51i.npy,N3,True
l2wR12zwPN.npy,N3,True
WkAmGGJgrG.npy,N3,False
IezDc0BkYa.npy,N3,False
mzdKXwaWsX.npy,N1,True
bzxCsnTIuq.npy,N1,False
R6ERimGwkz.npy,N2,False
PfdURAZdg0.npy,N2,True
u65PYdQPc6.npy,N2,False
ACH1Acgu8Q.npy,N2,True
CfsYfoohWe.npy,N3,True
WWFsuo1GFe.npy,N3,False
73toVmpVrR.npy,N3,False
pd9JARcQUJ.npy,N3,False
dRbgP8yBWv.npy,N3,False
6E62BzidBy.npy,N3,True
5P3jTUyZs2.npy,N3,False
FKEJkN0Q7s.npy,N3,True
DF7nmIkJi5.npy,N3,True
sNaSx7qfsc.npy,N3,False
2pYH5sE1d0.npy,W,True
3MP5364UIv.npy,N1,False
rvTGHoQO6T.npy,N2,False
6o2yOeKYKt.npy,N2,True
omA5ziGhxy.npy,N2,False
WZEDDmY9gx.npy,N3,False
svEDdiFMXc.npy,N2,False
yRnecWJYsH.npy,R,False
rhnHyEIhnV.npy,R,True
6ZF0AKiqfu.npy,R,False
7cGRnKSr5x.npy,R,False
qepFq46ksx.npy,R,False
dyPKKGIEhX.npy,R,False
gF8GV5ZPQI.npy,R,False
3TViPxG7EX.npy,R,True
ThEaSNQepD.npy,R,False
6f1cSbGiPa.npy,R,True
zsN3QMvxGq.npy,R,True
pAc42rxJ22.npy,R,False
h4AVfkyNeE.npy,R,False
rdtZtppfwC.npy,R,False
Hn6ESANcD5.npy,R,False
d5UPP1gNVJ.npy,R,False
s8VCgb1NgT.npy,N2,False
eoFIMNku9k.npy,N2,False
zyIAvpuho5.npy,N2,False
FBP36vfCOG.npy,N2,False
sXkGRCwaFn.npy,W,False
W3z80gQsxT.npy,N2,False
5jha7gRu9S.npy,N3,False
KeFWoaPMYm.npy,N3,True
0EcV8edwIy.npy,N3,False
YZRKSwaECU.npy,N3,True
CUjt3keUd5.npy,N3,True
38YD3TpFIU.npy,N3,False
d9EsKXeH2x.npy,N3,False
O5CFymg8JM.npy,N3,False
aYvgL9Yqzk.npy,N3,False
3yJUPBWb0L.npy,N3,True
92v3BlxGxm.npy,W,False
Oml1avSF5P.npy,N2,False
HekeK20aiX.npy,R,False
3scms3Bagv.npy,R,True
4VsriEbO5r.npy,R,False
mRjFVYviUv.npy,R,False
PQVuQkmA5A.npy,R,True
9rU87Gwkgc.npy,R,True
fFK6a0BK6x.npy,R,False
hw806F129E.npy,R,False
aO9JjyFtkR.npy,N2,True
KpQEW3w62w.npy,N2,False
zjdGqBkEGl.npy,N2,True
U44vjwA4Ns.npy,N2,False
SqfalbThRX.npy,N2,False
LQG7iZNj70.npy,N2,False
I3k3dYzuXI.npy,N2,False
VsWFdz8999.npy,N2,False
qmS6gdAtKq.npy,N2,False
aCcIHMR2bx.npy,N2,False
zMyfbIgO6P.npy,N2,False
Mk0ivgHNnJ.npy,N2,True
72quWQTH2k.npy,N2,False
SsM2AyQYk9.npy,N2,False
nJvanp55y8.npy,N2,True
BGeA7kC6wu.npy,N2,True
XkH9444n4j.npy,W,False
VJxSh6zJJ3.npy,N2,True
k4jB8w1o1k.npy,R,True
tsIjqqOggW.npy,R,True
xq0A21nfJK.npy,R,False
cjjxxalQ4M.npy,R,False
QHdRyCoTjQ.npy,R,True
IPpH9m5KaF.npy,R,False
YG0EAFChOC.npy,R,False
XbxVf0DPHA.npy,W,False
1sUDRZaQms.npy,W,False
jj2VuDs4QL.npy,W,False
FxiEXlCopw.npy,W,False
Tw5BOwH4B2.npy,W,True
L82nRoCNqY.npy,W,True
Cz9Ki5b9uY.npy,W,False
JMNZemNXe8.npy,W,True
cAhvm24SXs.npy,W,True
n3yKQMdvNt.npy,W,False
Ur1A5Rvkey.npy,W,False
7KUXC8Ue5e.npy,W,True
AijWABNYwJ.npy,W,False
J70MwLK6lp.npy,N1,True
yta3XmfFKW.npy,N1,True
ifvWCFrWun.npy,N1,False
GNfQU7UCHo.npy,N2,False
v9P1hOtWpG.npy,N2,True
agGR5PhoGs.npy,N2,True
Glk3tjjct1.npy,N2,False
7A4N3HBiI6.npy,N2,True
TdsY2DsEHN.npy,N2,True
aKgFZA3wG8.npy,N2,True
Gc55PF3s7s.npy,W,False
Uka6yckP2E.npy,N1,True
iKhuPgCYBY.npy,N2,True
TK9iKkaL0I.npy,N2,False
0rNw578yeB.npy,N2,True
EwqfA2Q2W4.npy,N2,False
OROBfAAtyF.npy,N2,False
ToLFhVb92x.npy,N3,True
HfCkdauvrw.npy,N3,False
gxFLCp5y8W.npy,N3,False
Tc1itH5Est.npy,N3,False
Ehaa5DTV0w.npy,N3,True
NaLTwfDo6S.npy,N3,False
VmR1v0k9hT.npy,N3,True
SfKuVBSmU8.npy,N3,True
sbTRqva3Ud.npy,N3,True
5XhHQoVvg1.npy,N3,False
KQOUw9jr0k.npy,N3,True
Sdcuv9yl6j.npy,N3,False
ogBGXga999.npy,N3,True
nN4yhe3QWo.npy,N3,False
aOEqLEFCb1.npy,N3,False
YukxaUHgRS.npy,N2,True
DxyF8kE6FF.npy,N2,False
VQeeIsCdSb.npy,N1,True
Cta8NcpPRI.npy,N2,False
coeitH6fMh.npy,N2,False
uBAieGp82M.npy,N1,False
tAq3V0UwBz.npy,N2,True
LB1qga0khg.npy,N2,False
5bVLEbmjPB.npy,N2,False
Mti5Dlputz.npy,N2,False
2k5VuPIo8u.npy,N2,False
AlxvQJeEh9.npy,R,True
mjTewwJ9ee.npy,R,False
fyNFoLRdWR.npy,R,False
oFzSDvV0fA.npy,N2,False
DVRqkrzYMS.npy,N2,False
JhIVUA0h7k.npy,N2,False
nbztIHvQha.npy,W,True
6jv0VLMxBx.npy,N2,True
70k2wSnxAX.npy,N2,True
55qXfzrwNK.npy,N2,False
afuZyipZHT.npy,W,False
98myPnPNlM.npy,N2,False
rKBiVSuzUJ.npy,N2,True
fgJ8ITtaY4.npy,N3,True
QnRiDL6Vwe.npy,W,False
EaTBJjKbvc.npy,N1,False
s7mmeeOrs7.npy,N2,False
L2xyfHubKH.npy,N2,False
X4uxZLR86V.npy,W,False
tjNnlIA8hN.npy,N1,False
QHM2UWW3kn.npy,N2,False
ie3XbRlUPt.npy,N2,False
marDo7S9Rt.npy,N2,False
BcfOgrMF4R.npy,N2,False
MwQvaThCPr.npy,N2,False
UyqaLBhspv.npy,N2,False
hsuheLNzYb.npy,N2,False
WFGcbcwNEr.npy,W,False
2uGY0jjr07.npy,W,True
UJTBlFX8zy.npy,W,False
t52AUldvnH.npy,N2,False
zTKaj5C2zA.npy,N2,False
6eh2g2OStb.npy,N2,False
V7hOrFOoGA.npy,N2,False
f2BFYtymX4.npy,N2,False
8Dl3lAaRK3.npy,N2,True
bdDkqgv8g1.npy,W,True
3MDQ6wNOYE.npy,W,False
T4Os8AIOT8.npy,W,False
Y5uk90c559.npy,W,False
kximwCtpx4.npy,N2,False
hQ9fGFim5t.npy,W,True
yRpi4SJNZO.npy,W,True
2AEi0kl276.npy,N2,False
TebCuR1yrk.npy,N1,False
ly2IwOumV4.npy,N2,True
qNvvXvNFiL.npy,W,False
wWUr2oHepZ.npy,W,False
4PTHKSC1UR.npy,N1,False
8WC42jRPY2.npy,W,True
VvDcZIOFnz.npy,W,False
U3MpgaCiHL.npy,N1,True
NrcvtQqYlO.npy,N2,False
9kLsfEtncx.npy,N2,False
5uUNZRqdlT.npy,W,False
sLXPGL9BeP.npy,W,True
55V4WBVG2o.npy,W,False
QsVdAWp8Ql.npy,N1,False
51BX8FL22D.npy,R,False
s795SiBRwf.npy,R,False
4zlsrSjFUP.npy,R,True
pLTbTpvJzV.npy,W,False
iS0gJhiuCu.npy,W,False
69CZliqvPS.npy,W,False
5T2FcNXl6L.npy,W,False
TCi3l8Hif3.npy,N1,True
LRHmCVGadW.npy,N2,False
xVHK2Nm0Fc.npy,N2,False
xillBBUlg7.npy,N2,False
ifbjtkdK3f.npy,N2,False
vJRgOvPC1y.npy,N2,False
0l78KN338m.npy,N2,False
HASuEEtHnV.npy,N2,False
mCZ9hI2btS.npy,N2,False
BY3dfqubge.npy,N2,False
qcFStRSfji.npy,N2,False
loDdJnoEps.npy,N2,True
mN3rjHjTB5.npy,N2,False
iNnoMPs8xL.npy,N2,False
1zrbXDFY8a.npy,N2,False
qVI742MTPU.npy,N2,False
bXlXrv6lun.npy,N2,False
3Wo1m9r9dS.npy,W,False
Ev2r1WYw7X.npy,N2,True
QSvFPzYHZW.npy,N1,False
kR4ZmXUAfX.npy,W,False
gNJAmw1pkk.npy,W,True
YoUWViazTZ.npy,N2,False
uaCnROIjir.npy,N1,False
Hh98SfSlWh.npy,N2,False
6gBuR5YrK7.npy,N2,False
euhEHFsxsQ.npy,N2,False
R2CYm8ezOb.npy,N2,True
nSDO6rs2Wk.npy,N2,False
h4XQNAWNIN.npy,W,True
IBATB9igPv.npy,W,False
V3gtboxoHc.npy,N2,True
DfbrLYqhiB.npy,N2,False
PsJVo44b6M.npy,W,False
qhf5uRJvk5.npy,W,True
5JMjByEEwy.npy,N1,True
wcNTuYRbTC.npy,N2,False
vVzBGO2pxx.npy,N2,False
GkEskMuhwo.npy,N2,True
P19GdEigKE.npy,N1,False
U7jTwq5fON.npy,W,True
Zy5xs8Jok3.npy,N2,True
2p7CORJCOD.npy,W,False
f9oNonr2cf.npy,N2,False
Ph7VSEWG3o.npy,R,False
3Q1FJ4gKQo.npy,N1,False
FuPatDvRVT.npy,W,True
5SeyBVx9ir.npy,N2,True
rOoeEbGgEI.npy,N2,False
ljJ00r42Fp.npy,N2,False
sx72nI6wG5.npy,R,True
wAfyMIC0ei.npy,R,False
ufkqwWWaCY.npy,R,False
FO2JsUyJhk.npy,R,False
ulljOCb7F1.npy,R,False
378rra5ggi.npy,R,True
OYQYHekID4.npy,R,False
pmUrllDOTa.npy,N2,False
ZUgOLBsw2u.npy,N2,False
zEYO69QUaA.npy,N2,False
C0yH9jk1P4.npy,N2,False
ULPTvZtIU7.npy,N2,True
wqJ0SKQz4z.npy,N2,False
gLs6RA6mNQ.npy,N2,False
sC73Be0DRB.npy,N2,False
C6XQHmo2WK.npy,N2,False
18yLGEZcoD.npy,N2,False
wGSS2UfgiY.npy,N2,False
EZ6SubNwQl.npy,N2,True
hqAUPalIJi.npy,W,True
urZBf5Yxz4.npy,N2,True
MJdibgrMPN.npy,N2,False
VIgmTX8Xo4.npy,N2,False
8lmCqxXmYC.npy,N2,False
DamJ9Oaikh.npy,N2,True
1wAJKtamoI.npy,N2,False
kcjeLNmHvy.npy,N2,False
tlgT3m3LZA.npy,N2,False
UBha23rxhW.npy,N2,True
X2c7kGRa1U.npy,N2,False
3knjtMAJNX.npy,N3,False
LcTY9yRLjb.npy,N3,False
4IS1zFzn3e.npy,N3,False
83DUOVwOOx.npy,W,False
zkRpGh52I0.npy,R,False
MLEkzuD07I.npy,R,False
MsuUf2fx5p.npy,R,True
PgcfNIhwgH.npy,R,False
nUoMCs1ocH.npy,R,False
kewrwPYSeL.npy,R,True
TfAIHH1lVi.npy,W,False
6JJxBGhbS7.npy,W,True
AEYN3p8v34.npy,W,False
Gip0T8I03U.npy,W,True
GCCFQ8VGW0.npy,W,False
DwMBzYsY33.npy,N1,False
VZuuSMQb8k.npy,N1,False
X9NRycCgiW.npy,N2,False
NrokHp7IF7.npy,N3,True
r9E3QHttp4.npy,N3,False
0kLiBT9VH4.npy,N3,True
p08MFECbnG.npy,N3,False
Ti92VrPEnP.npy,W,False
OTavtmFtW7.npy,N1,True
sCWzAaFUJl.npy,N2,False
XAAVmAUbWR.npy,N2,True
Iw8VLSeKNL.npy,N2,True
JKzPFqy3Ie.npy,N2,False
noxtAaA9uJ.npy,N3,False
ge0uRg8l0P.npy,N3,False
fZeXgwbWdr.npy,N3,True
4AHtBlIGvo.npy,N2,False
SSaNyWozhM.npy,N2,False
l2LQMg2FrX.npy,N2,False
zm9xL5Jsu1.npy,N2,False
1DpTAUlpuB.npy,N2,False
hklHqfGGAX.npy,N2,False
MFBgUjaVQy.npy,N3,False
Z4yd1WrspC.npy,N2,False
oPDd1zovh6.npy,W,False
XHsLDwIBzq.npy,N2,False
BMIp9NM3Bk.npy,N2,False
x44hEmTAAW.npy,N2,False
yR7wtP7RMv.npy,N2,False
RSEXIV7JgO.npy,N1,False
MI83s158Xb.npy,N2,False
kgI4LRAPXr.npy,N2,True
TU2CH6hRRa.npy,W,False
vR9IaWp2Pi.npy,N1,True
kBfpzjUiQX.npy,N2,False
VmUqMsH5aG.npy,N2,True
PiCpuB89Hd.npy,N2,False
TJYNhtftX9.npy,N2,False
8N9KT9ofcz.npy,N2,False
f4SnV9z7IV.npy,N2,False
Q57UBebxNK.npy,N2,False
z92hKQbIY1.npy,N2,True
acX8WFzrTB.npy,N2,True
uZlV1UO5Ru.npy,N2,False
tgcDr5IYxj.npy,R,False
0hiYqxYDlL.npy,R,False
hTMv9X1wUX.npy,R,False
SuIyeQiQI0.npy,R,False
eaJ9OqzMvU.npy,R,True
d95R7OG23j.npy,R,True
W2sdHCvKE5.npy,R,False
3iRzvkdV9y.npy,R,False
AuenW3gTMb.npy,R,True
1UeLWIkN3f.npy,R,False
jOrMtcvR9f.npy,R,True
h99kNRLV2b.npy,R,False
FKdu7SpB0R.npy,R,True
kIglRSUlTO.npy,R,True
mHKqk8HDyD.npy,R,False
4xKektfR3q.npy,R,False
Khl8qPQIxG.npy,R,False
af6cA0qmOj.npy,R,True
kd8KzbLmW5.npy,R,False
tB7uyGprbT.npy,R,False
hfAI2tTGU4.npy,N2,True
zF9NoRIOtA.npy,N2,True
rHAQH18zbq.npy,N2,True
DSMDoJK2Wc.npy,N2,False
uFFsHZHu1K.npy,N2,True
RqYwDgCq4j.npy,N2,False
6KazcmMMex.npy,N3,False
0lqAPpmS9e.npy,N3,False
A7wL1aIJA2.npy,N3,True
lRQQBGptSf.npy,N3,True
3EcBb8rTOA.npy,N3,False
lEb3iOHsID.npy,N3,True
MHLBt4EmlO.npy,N3,False
zRGy50PtHN.npy,N3,False
wV9c3JAiAt.npy,N3,True
hMMiu0TBPQ.npy,N3,False
4Ay1kqkj0E.npy,N3,False
Preruoz31e.npy,N3,True
mh5nerHQ9x.npy,N3,False
dBQ5rs9gA1.npy,N3,False
s8BlyaEJvA.npy,N3,False
Mrfm6XMtwP.npy,N3,True
DLfUJ2GNGv.npy,N3,False
MZugKb7tUX.npy,N3,False
ifEr5NYqLf.npy,N3,False
q3tCu2Kclz.npy,N3,False
Qlq9X7WKqD.npy,N3,True
3jRbjFIAO7.npy,N3,False
VUHm91EYJa.npy,N3,False
Nojv8l7aQ7.npy,N3,False
w8UhMJvDyG.npy,N3,False
f5lgQmzEjE.npy,N3,True
IAXkpDOvlL.npy,N3,False
L3DMU33Un7.npy,N3,True
1V9U6fC62E.npy,N3,True
arVuXRDbsr.npy,N2,True
xoOx0m23hj.npy,N2,False
g2dm3EZjes.npy,N2,False
d5cC7zhusc.npy,N2,False
awrLl8InRO.npy,N2,False
OIXSwH4Pob.npy,N2,False
Zw5ipwWofU.npy,N2,True
CCd0Sv6IIj.npy,N2,False
CtvGrcRtJS.npy,N2,False
Q3N4S4Egfp.npy,N2,True
1ufbWdvnqA.npy,N2,False
mT9xg1bda1.npy,N2,False
jVgcxoxU6A.npy,N2,False
zhahH2dFD4.npy,N2,False
s1ep2bNwgF.npy,N2,True
DHSPJP2czu.npy,N2,False
5OSj8aCVcl.npy,N2,False
2eiigoipcs.npy,N2,False
A04mlK4Zuh.npy,N2,False
8Fe6uzVMFn.npy,N2,False
WTXDxHdka6.npy,N2,False
k0A71ZSOGa.npy,N2,False
g9luS8JoKI.npy,W,False
FUgzoNhpOl.npy,N2,False
W232FscRfB.npy,W,False
tiNICPOAzA.npy,N2,False
M903TRQxtj.npy,W,False
uksSyipPRx.npy,W,False
sIs0CwL73t.npy,W,False
FM9IYkDbQn.npy,W,False
J5DT6PIMXK.npy,W,False
cRufP03QoV.npy,W,False
tfZL5KMPdi.npy,W,False
OOiBzMIHus.npy,W,True
LyZCtOOJdy.npy,W,False
egTbfcKW06.npy,W,False
hdH2ZqiqbQ.npy,N1,False
ieG0a02TN2.npy,W,True
YBIMkXYUtS.npy,W,True
gZWN11bBpM.npy,N1,False
33gjxkBHRz.npy,N2,False
R7yBSpdtoA.npy,R,True
aLAKIY2Y7F.npy,R,True
OiG9ASvq61.npy,R,False
mERvQ1bOle.npy,R,False
UrxGmvL2Ub.npy,R,False
RHRel58mxt.npy,R,False
0nbOalZkQr.npy,R,False
c2k31lc13u.npy,R,True
Eaym01tD7A.npy,R,False
XYOcmIBBus.npy,R,False
cTayIG8Nyd.npy,N2,False
nc4vNv0Zmq.npy,N2,True
E5RvphVoIC.npy,N2,True
c3HU6XFQxr.npy,N2,True
UfLZR1LoWJ.npy,N2,False
lsmiVmdmWz.npy,N2,False
YVYmPtftbl.npy,N2,False
gSD4q95k0q.npy,N2,False
ZzeVk8V0wU.npy,N2,False
kDg8voh09i.npy,N2,False
qsyl3Hsu4x.npy,N2,False
37dBlwqdov.npy,N2,False
hBnIdwe2Q6.npy,N2,False
HPwcIWRytJ.npy,N2,True
wpEmlMxPG1.npy,N2,True
Zqf9ZOZShd.npy,N2,False
P3InQsfUGP.npy,N2,False
d0b7LHL9vj.npy,N2,True
fMPON4eCt4.npy,N2,False
iavcrA4FUp.npy,R,True
hP6X2J8Z6p.npy,R,False
sUJe3O8DCC.npy,R,False
uUF7FpNUTL.npy,R,False
jmhp5BzkR3.npy,R,False
4vWSzONt9P.npy,R,False
00GBrZlB59.npy,R,False
qPx20uixoT.npy,R,True
M0r9jbx944.npy,R,False
Uu5J0DrLah.npy,R,True
yKexAgU3mv.npy,R,False
7luqsWnxcO.npy,R,False
w4x2XCf6Q3.npy,R,False
wx3H26mtDQ.npy,R,True
zkUCzW0BD7.npy,R,False
N6pFEWTaBl.npy,R,True
zrnuk4jYma.npy,W,True
ODnUnycGt2.npy,W,False
2EKvrgAxTf.npy,W,True
kYCn6MeEfo.npy,W,False
hMcUAFIbwc.npy,W,False
ejwq4hTuFJ.npy,N2,True
WzFetkE9mH.npy,N2,False
l4ZtEAeUqO.npy,N2,False
aICGbvpx9Y.npy,N2,False
3uB9x055Xk.npy,N2,False
eF2ifKQ5pN.npy,N2,True
bStVmj8clc.npy,N2,False
nVqoWnxZi6.npy,N2,False
TjFaqClHxQ.npy,N2,True
9CLRO8T5rf.npy,N3,False
P43PfC3Vwx.npy,N3,False
jE0ISSsEFN.npy,N3,False
X7o3TyjAPw.npy,N3,False
CSlT9tMjmJ.npy,N3,False
949JsKVEnd.npy,N3,False
hbQrniYQfe.npy,N3,True
BF0lSeMarb.npy,N3,False
E1pNzUUWaY.npy,N3,False
FhCTYs7LEt.npy,N3,False
8pZv7rygSu.npy,N3,True
1T5pUqUmoV.npy,N3,False
HpNaMxTpFT.npy,N3,False
hk9j7yImaD.npy,N3,True
Sq4Y70XJ2k.npy,N3,False
yObLX8tWNC.npy,N3,False
fSZrQZNDHV.npy,N3,True
G7vxXODG2l.npy,N3,False
8U58xLsl5I.npy,N3,True
xD13iL1L09.npy,N3,False
7TRBU2lJeZ.npy,W,False
RbNQkzXeM8.npy,W,False
VtI4wxHRZp.npy,W,False
5Gxv3X6KJY.npy,W,False
9woUwfW6Df.npy,W,True
ZYxcEjTcbL.npy,W,False
3oNmzauULT.npy,W,False
Msiv2oG8NP.npy,W,False
Lb37kuZaip.npy,W,False
lp80Ikmj1b.npy,W,False
RekThQeYzi.npy,W,False
YZL6KahVLS.npy,W,True
wFdP1Eu3JA.npy,W,False
GJQqv9gdbm.npy,W,False
yYT3tWuMUR.npy,W,False
XgOpPOIdn0.npy,W,True
hQ7coMtfHW.npy,W,False
e2e8UxNWCv.npy,W,False
SRMF4docPC.npy,W,True
T3zzivrirf.npy,W,True
JgGVsebI9q.npy,W,False
Trm4npSiXW.npy,W,False
NUt3ZxgEGl.npy,W,False
XO1FF8ZrwP.npy,W,False
6eHnYq0AkW.npy,W,True
xEUKv0ba2Q.npy,W,False
EArMqN1Koq.npy,W,False
amSMAQBeFs.npy,W,False
bRXz2zmmlF.npy,W,False
io7imr8zXb.npy,N2,False
BPOs2PcKIt.npy,N2,False
kXUKP0lTnd.npy,N2,False
dFILzZiUX9.npy,N2,False
Q8ESJyD1fO.npy,N2,True
y0vKQPQOVL.npy,R,False
pcGMdCUzGf.npy,R,True
ir5BuikwOx.npy,N2,False
Mnh5l5l4HO.npy,N2,False
x0BZXiMtzp.npy,N2,False
NWVPL6CArk.npy,N2,True
iWA3pGapea.npy,N2,False
kj2r9xGtCu.npy,N2,False
nn8kK0Kw3F.npy,N2,False
89tqIoowTK.npy,N2,False
s8vRNmOKUF.npy,N2,True
aNGJ1opOVN.npy,N2,False
rb5d38ISZ8.npy,N2,False
ZUdIfLxTTH.npy,N2,True
uCNFPPKCuS.npy,N2,False
lbfRYfgrQW.npy,N2,False
ssYeYIKbFF.npy,N2,False
keIM9YcINI.npy,N2,False
YojygzHYPy.npy,N2,False
2tXqYHwG46.npy,N3,True
KXTzFaEjol.npy,N2,True
ykv0im5K5N.npy,N2,True
DJDBvlx9SO.npy,N2,False
u6xw8ceTzn.npy,N2,True
LNyFD5LVcl.npy,N2,True
oFIbgIpzGl.npy,N2,False
rrvN9a7PaZ.npy,N2,False
kECSorXvFX.npy,N2,True
n2t1OxAs5l.npy,N2,True
4aBqRwwvHf.npy,W,False
4vT9undFvG.npy,N2,False
dDcinvQv77.npy,N2,True
VgLj4jwLr7.npy,N2,True
VTsMR6waLK.npy,N2,True
zDZK6wQbBN.npy,N2,False
KpiCB2LZtC.npy,N2,False
aQkY17Q9SA.npy,W,False
dxE4DTivDU.npy,N2,False
0jRCve49I6.npy,N2,True
nGiD8o4VtO.npy,N2,False
q7L6UKkl6J.npy,N2,False
cS5VYjXeHr.npy,N2,True
xRvEMtjLIR.npy,N2,False
SRzaswlFuq.npy,R,False
keLvt6RPGo.npy,R,False
yizDLlkQ1x.npy,R,False
R2ZU6TpbOg.npy,R,False
RBS07PHtZF.npy,R,False
lAjcOjhwtj.npy,N2,False
bdyVmLlM2Q.npy,N2,False
4iqvHU9Gyf.npy,N2,True
pwOJcCTSMg.npy,N2,False
6lSL32ft1U.npy,N2,False
T2r6H48ZSK.npy,N2,True
W2CJm8uAe3.npy,N2,False
Zav55r7MFB.npy,N2,True
VbJNNoeYVM.npy,N2,True
XAVCkiZpMW.npy,N2,False
cwToJVNpBz.npy,N2,True
Grc3enRmUN.npy,N2,True
c0JnqYuU1O.npy,N2,False
Kg6dq9xsmW.npy,N2,False
J6UYU64T1X.npy,N2,True
IxHKlYAphL.npy,W,False
fZvYQ65rOS.npy,N2,False
oJmD4vm7eS.npy,W,True
VmlE3FkL0O.npy,N2,False
It2YrVHHYW.npy,N2,True
qKfiQRgr4E.npy,N2,True
GFqMYP4sMv.npy,N2,False
7tEaeOr0DS.npy,N2,False
FUXAlEK3ZS.npy,N2,True
ursSlI0BiL.npy,N2,False
YvRSjKACrB.npy,N2,False
E5NGSqJC76.npy,N2,True
jS0dZWZMsV.npy,N2,True
VI9mUL2DwN.npy,N2,False
s0meJbuBti.npy,N2,False
sH60wqmwiT.npy,N2,False
tqtUO5E39f.npy,N2,False
ugkQvVghiH.npy,N2,True
QUNH0hI4cH.npy,N2,False
3cHfzQAYwI.npy,N3,False
rPyKtBCwBP.npy,N3,True
AvctlF3SMw.npy,N3,False
qrn4Us8oGV.npy,W,True
cWvMCxqT5g.npy,W,False
oilVGScL9n.npy,W,True
zXemIR6E9R.npy,W,False
kPisahCl2V.npy,W,True
kuNx3CIVOf.npy,W,False
GWtvLrfBU0.npy,W,False
r0EHEYUmk6.npy,W,False
x5IepOW8mK.npy,W,False
XtrIt3inzJ.npy,N1,False
akuUPl5Vzd.npy,N1,False
FEkAJjajvA.npy,N1,False
dleeywYLxX.npy,W,False
VGdvSGnEdq.npy,W,True
kTzJMtamhB.npy,W,False
oYEXvdqrxo.npy,W,False
IHoV9eitww.npy,W,False
JACTVi0Kcw.npy,W,False
qXksQbPQOi.npy,W,True
EhIY5kjzfR.npy,W,False
Se1Tc5QaXz.npy,W,False
GocO9wsNm3.npy,W,True
ePN6UVLYcb.npy,W,False
32v0BhiquU.npy,N2,False
vte75J9p3N.npy,N1,False
DNj5s7V3ss.npy,N1,False
bQh91pKLcr.npy,R,False
Y8yqSxSNLG.npy,R,False
csgj2l4RGs.npy,R,True
OgsjzIFihF.npy,R,False
pDlGJBXvSd.npy,R,True
PHFyLISt4G.npy,W,False
1JRZfRDlcs.npy,W,False
AEoYGeDBY9.npy,W,False
6xHVC5vBdi.npy,N2,True
tghFwRPMM9.npy,N2,False
NPs8OIu5DL.npy,N2,False
6uWk4UeinC.npy,N2,False
kJO8K59lS7.npy,N2,False
2JwflPPuyz.npy,N2,True
Fsmc4eM7mv.npy,W,True
DGs6zE3r5l.npy,N2,False
CvXe19YMVM.npy,N2,False
XOPSG4FN4k.npy,N2,False
HNWn1dTYW1.npy,N2,False
NhQ2rVadO3.npy,N2,False
T1psErnqwG.npy,N2,False
ghi7DRXfWD.npy,N2,True
9HAAOQRPu1.npy,N2,True
0Ymm79NYwU.npy,N2,False
BdYxwQiw1N.npy,W,True
IvsFuRyfaM.npy,W,True
WhFJIynsqO.npy,W,False
Yb0dBdv6tL.npy,W,False
KLuxPcPrqH.npy,W,False
DnZmSdW2q7.npy,N2,False
VCixLKtH0j.npy,N2,True
DsCjlXKwJO.npy,N2,True
OhyQZ6etnJ.npy,N2,True
YvBEMjrDM7.npy,N2,False
IHUlWAEzKq.npy,N2,True
Yi9iHdfgIu.npy,N2,True
W4mOuSFG5O.npy,N2,False
jdSnvwlwmO.npy,N2,False
fqzZsnPXrO.npy,N2,False
0FpnecdV6Q.npy,N2,False
6vKfps54X9.npy,N2,False
1yrblpy7uU.npy,N2,False
IaCImdrShN.npy,N2,True
pzjudv2THn.npy,N2,False
Cz1r9q1Krl.npy,N2,False
cgWWm4cuUy.npy,N2,False
M670I5fqKu.npy,N2,True
3dFAYWvLFT.npy,N2,True
Z0NgEJOt9r.npy,N2,True
TmczBuxztK.npy,N2,False
5JqKO3XbEc.npy,N2,False
fd86wumKnH.npy,N2,False
wzlBPOMS9u.npy,N2,False
RaO5RijjtC.npy,N2,False
GSaeD4YT14.npy,N2,True
XTzhPWsaef.npy,N2,True
KgckUQhNXE.npy,N2,False
Odn0u6079n.npy,N2,False
oaA805D1A6.npy,N2,False
g0up2H1cON.npy,N2,True
oWhgbXwbBp.npy,N2,False
AlytgeInem.npy,N2,False
XOdRH3D52y.npy,N2,True
RPiMqqxoHv.npy,N2,False
LeiQykcgoJ.npy,N2,False
0GAMkKf6CJ.npy,N2,False
szG7EBIkOB.npy,N3,True
E1djWuxreK.npy,N3,False
jdYUGQJl9W.npy,N3,True
ozCXcDPM3Y.npy,N3,True
p44nRYgAlR.npy,N2,False
NZG5pbOhga.npy,N2,True
lSTgXhUUU3.npy,N2,False
mAr6naemxt.npy,N2,False
5QecnMqXbg.npy,N2,False
EXk8lvGhZi.npy,N2,False
Hh2iF2JddG.npy,W,True
J3iYbCiXiu.npy,W,False
utKJsbi6YK.npy,W,True
pKq3EyUB6X.npy,N1,False
Mak54Xt6DE.npy,N2,True
E5UxI4nTnN.npy,N2,False
B35jgEmKxw.npy,N2,True
XpaWw1gmMw.npy,N2,True
9m9AZUiGbw.npy,N2,False
SPyAOqgrZU.npy,N2,False
NPh0dthuZK.npy,N2,False
GWQVcdniuz.npy,N2,True
ZIFwHWNQXq.npy,N2,False
JsEtvs2DVV.npy,N2,False
tJySv7M0Wq.npy,N2,False
yp94wtNyr5.npy,N2,False
M7V1jIZsWW.npy,N2,False
38Pl6k2KgJ.npy,N2,False
JtspZ8rGBR.npy,N2,False
YRYvfiwFSO.npy,N2,False
bSKuuAgy4P.npy,N2,False
YmRya9gGcI.npy,N2,True
AI3yV9Rbvx.npy,N2,True
vh4An63HSr.npy,N2,False
ySRDG1BYj3.npy,N2,False
NiUetEUp9s.npy,N1,True
FETggm93p7.npy,N2,False
GrAQrn2pkv.npy,N2,False
KwTSguCu6B.npy,W,True
0KUbRdKs90.npy,W,False
DWLmCRwcHx.npy,N1,False
Z34gUFrtcT.npy,N2,True
bkKhTbyTNY.npy,W,False
J486otK1xQ.npy,W,False
pQW2x31QGD.npy,N1,False
IBs4Q5jX5U.npy,N2,False
OdNAPPNKKe.npy,W,False
CTT5JhMi2D.npy,N2,False
znAD6RtuD6.npy,N2,True
gN98r9g0mt.npy,N2,False
cwRUPaAbRo.npy,N2,False
vKtorNhZMX.npy,W,False
WfNDG3evwz.npy,W,False
HFhOFstNUP.npy,N2,False
1BzkomX5wJ.npy,N2,True
Ss3wL3isFx.npy,N2,True
OkdJAVSM7J.npy,N2,False
VWj2zQwWRq.npy,N2,False
nPDQxWYAMU.npy,N2,False
WosTO3hFhZ.npy,N1,False
OX3M094Ggc.npy,N2,False
XEUjmazI3Q.npy,N2,False
3kMdwqgniD.npy,N2,False
lMPs6uhnuD.npy,N2,False
mjOa1uVPbR.npy,N2,False
80j84kffZV.npy,N2,True
tFbPfX9jxD.npy,N2,False
fpd6qwUdhA.npy,N2,False
bMOj2kkycJ.npy,N2,False
Kt7nrer2Vr.npy,N2,False
A4VjEfrfD7.npy,N3,False
SrDxesdGBB.npy,N3,True
pFrRVUjWu2.npy,N3,True
6XCNnmyPaa.npy,N3,False
hFP5SBaWf4.npy,N2,True
A1alFawEPj.npy,N2,False
fkANXROPBw.npy,N2,True
GQ1Hye5Wu4.npy,N2,True
cMnWCRA6fC.npy,N2,False
cNUDtZsByx.npy,N2,False
n8MqoG9g9W.npy,N2,False
eVvcFP5Hit.npy,N2,True
4o6MCcTGBm.npy,N2,False
Z93CiowhZT.npy,N2,False
iKlef7Or2M.npy,W,True
0j9CXq7QSY.npy,W,False
IwZDDFi4l0.npy,W,False
eEWMa0jfKW.npy,W,False
Rjcy7sQC93.npy,N2,True
f3EpGfbzaL.npy,N2,False
eICic60Cwi.npy,N2,True
ntH2ceJ6b1.npy,N2,False
O3LY617b3E.npy,N2,False
TYMTiIXWft.npy,N2,False
htQ3ULvSEk.npy,N2,True
RqkG6bfHPo.npy,N2,False
qS5MhaoSRx.npy,N2,False
h0dLsKA2WF.npy,N2,True
OBjxOV1qyG.npy,N2,False
20yTzsXzfi.npy,N2,False
qiXpuQAey7.npy,N2,True
38kfHHjphI.npy,N2,False
PA6aXIQ3GU.npy,N2,False
pa0PE6mJtO.npy,N2,True
lqHprTRGJn.npy,N2,False
UL4wQ7pW8g.npy,N2,False
wQPal6aKZD.npy,N2,True
Tt8Im0WwPB.npy,N2,True
i1PeATrMHb.npy,N2,False
41dwMkY62R.npy,N2,True
seNbaO6z7B.npy,N2,False
RSdO9nb42v.npy,N2,True
ptwLx2EiQg.npy,N2,True
GFUyXLAp0e.npy,N2,False
SSoRMnuzlx.npy,N2,True
H5Nf6m9Vg0.npy,N2,False
AybBmQHsAA.npy,N2,False
D08NBpMFzK.npy,N1,False
Rrv1CZY4ap.npy,N2,False
A4Ecwqughm.npy,N2,True
CbEiVYoomt.npy,N2,True
j5fbSX2wvO.npy,N2,True
0Sv2hMpelv.npy,N2,False
GBLN7bqk9Y.npy,N2,False
lH44THKnAK.npy,N2,True
ngHmwSI4z4.npy,N2,False
DJHdeOUfAi.npy,R,True
OaTHFO2Ri9.npy,R,True
AkJ9lOV6zw.npy,R,False
iIHZ9N0rGA.npy,R,False
mdDdQbhVgx.npy,R,True
nIozmwkU7a.npy,N2,False
k0uHU8Kcxv.npy,N2,False
bzK9k0NhW7.npy,N2,False
jKNTAPA987.npy,N2,True
QnW2aX4C6W.npy,N2,False
agqwwnpUEG.npy,N2,False
vSB9pNDR2u.npy,N2,True
vp43ElyqCs.npy,N2,False
NSPeKHWaRh.npy,N2,False
ZClho1eH5B.npy,N2,False
BUz6m9J0ng.npy,N2,False
4HwygN2VRe.npy,N2,False
KMRjEKIqY0.npy,N2,False
oyBHiKuayI.npy,N2,True
FnK4NKqsDi.npy,N2,True
KRepY4tzKQ.npy,N2,False
4StLvQtaCK.npy,N2,False
cuWW3p9xda.npy,N2,True
4wjslGuZrF.npy,N2,True
9t3AoFQu3b.npy,N2,False
3k8jYdSV2C.npy,R,False
xmiy4suZiE.npy,R,True
pQdCufzlc3.npy,R,False
GtrrjSK7Ox.npy,R,False
pOlGHrUgNw.npy,R,False
dfSHuUKoDE.npy,R,False
lEi3RMdeSh.npy,N2,False
JJ49pmkEfw.npy,N2,False
yL31YmPXNK.npy,N2,False
yyyBrb8r7g.npy,N2,False
0l5WheLUKF.npy,N2,False
nSFAd7luN8.npy,N2,True
0Sg7J5FGYS.npy,N2,True
7RnTsbbR9P.npy,N2,True
XDlyGTucQ7.npy,N2,False
X7GUCBRb3G.npy,N2,False
wsGQNdKZnV.npy,N2,False
jmoQd9au0S.npy,N2,False
D2WmtqP8F9.npy,N2,False
fSxQWNBPjj.npy,N2,True
6Nk1hTba3f.npy,N2,False
5rF6GvDtMe.npy,N2,False
nztn91nu6g.npy,R,True
kUZuw3gdRN.npy,R,True
Bu8Ndd6zKt.npy,R,False
jlDbkhCHdF.npy,R,False
SUS93grLkA.npy,R,True
rJ3kRgVvY7.npy,R,True
2BmTlgi35G.npy,R,True
oKW6FoFZ1v.npy,N2,True
C0aNyjTwqI.npy,N2,True
wV35sz3KXH.npy,W,False
QhyQklpNVq.npy,N2,False
rTHPPxkl8C.npy,N2,False
ip8zBm6XCA.npy,W,True
Sre3pZGrbn.npy,W,False
GJ2d1RXxvB.npy,W,False
7kNbJDn1JY.npy,W,False
CXqi5pdk4Z.npy,W,False
T7MTvHNCxt.npy,N3,False
iPlCIhfwFN.npy,N3,False
8MhZtLPyml.npy,N3,False
NtxM8bPngk.npy,N3,False
ZF5YZz4KXT.npy,N3,True
dn9qeUcXFB.npy,N3,False
LFwojxFGCJ.npy,N3,True
7sX5NDsIFg.npy,N3,True
y6eE3Dr1Rc.npy,N3,False
vdSMP4fuKd.npy,N3,False
U4ADTJtiyQ.npy,N3,False
7PcafOtsRe.npy,N3,True
4GVb5c5Wep.npy,N3,True
TxMI89jonV.npy,N3,True
yv0pB829c4.npy,N3,False
HcnyqEVEeU.npy,N3,False
yymT5Itsp2.npy,N3,False
VdoISgF9Wo.npy,N3,False
ybKOBh00pS.npy,N3,True
SPrzywu5bX.npy,N3,False
rfTlIbE8JH.npy,N3,False
EUPZWsWMqx.npy,N3,False
cFr04F8LqO.npy,N3,False
VqvaJiqbnW.npy,N3,True
PLb0WzJn6p.npy,N3,False
WAjwVJOZIp.npy,N3,False
mZHOmHCkHj.npy,N3,True
bi5J69pdgp.npy,N3,False
9NC2Iw1NfV.npy,N2,True
ipFxYRXpYP.npy,N2,False
WdXRcKDFiq.npy,R,False
EArMlietC5.npy,R,False
Z5TIsM4OWI.npy,R,True
mViXAa3GTI.npy,R,True
ZjOglZQnPv.npy,N2,False
ZWGbdOiKHW.npy,N2,True
3UTYvIl72F.npy,N2,False
txKQdGy118.npy,N2,False
NPPWhcCfJs.npy,N2,True
s2tnsHt3Pm.npy,N2,True
OlDvCCAKQ7.npy,N2,False
IhrUBaBGau.npy,N2,False
sDQIn6Vdz3.npy,N2,False
m0Oz9GqGqj.npy,N2,False
7WBjLYn4x8.npy,N2,False
7a5gpwyS6E.npy,N2,False
r9ON4r42zY.npy,N2,False
oRBuDCxFJh.npy,N2,False
uNBgkEUabY.npy,N2,False
5qfJAvh7E5.npy,N2,False
NPvHU9OEWL.npy,N2,False
zJCPpo9qSN.npy,N2,False
sGuCyRuFbL.npy,N2,False
wqyj5CQEEr.npy,N2,True
VRqyheVKc2.npy,N2,False
zH5JMkLY9P.npy,R,False
6UIa7rFEqF.npy,R,False
5E4gjDJZsl.npy,R,False
7LtQC5wwbA.npy,R,False
iec67cihbh.npy,R,False
4jgygozypW.npy,R,False
7H6a6R39cv.npy,R,False
Gzk6PKOiYu.npy,R,False
kulTOv5pIm.npy,W,True
B6YSo5cUVR.npy,W,True
TnGe6tDZmD.npy,W,True
z52REphyaA.npy,W,False
XJzN3z77Ws.npy,W,True
i2525mtydx.npy,W,False
diZQYCjz9Q.npy,W,False
Aj75k1CWgA.npy,W,False
Yn1KIiHYDK.npy,W,True
QWbLKL1TaJ.npy,W,False
6ysZkZFzyU.npy,W,False
7wfas0y0Kw.npy,W,False
sLtTIvxzxD.npy,W,False
p74Q4ylNYp.npy,W,False
fOIrJaEoQI.npy,W,True
42igvvDpWK.npy,N1,True
OHPyP9HQLY.npy,N2,True
cHsytnF4BV.npy,N2,True
DCAPJwdEDC.npy,N2,False
ps0G8cNHK5.npy,N2,False
xt8sSwrTfA.npy,N2,False
qnlEBgxq0B.npy,N2,True
UKriV7AYIA.npy,N2,False
doSs6qobF4.npy,N2,False
UM8cvQUVtJ.npy,N3,True
2OXarX6JJ4.npy,N3,False
PKsHAICzM5.npy,N3,True
5K023yVDVA.npy,N3,False
ZyflYdu37c.npy,N3,False
ds8wQkiKvv.npy,N3,False
VdjVtFcxKy.npy,N3,False
ZCsKcq1PdY.npy,N3,True
NcNSygMSmL.npy,N3,True
wAUFimYv2W.npy,N3,False
MrDt3EU0F8.npy,N3,True
C3vIUoand4.npy,N3,True
XS3PPy3DsM.npy,W,False
asFMX3ycZy.npy,N2,False
6nCiy8gw4A.npy,N2,False
Lt1zfuzrhP.npy,N2,False
Bq2NIPvDwA.npy,N2,True
8esSL59BER.npy,N2,False
hiKFtyTwXn.npy,N2,False
5goxqqgSc0.npy,R,False
1VTuJQWqzU.npy,R,False
bziByhvDnA.npy,R,True
U8umu35g0F.npy,R,False
BMpXkliYzI.npy,R,False
qChZuGvzVk.npy,R,True
HXzyVzj155.npy,R,False
JtVKzB8zMg.npy,N2,True
C5e2cBh9BQ.npy,N2,True
7PGmCKbFyt.npy,N2,False
pfEDD6Rmd6.npy,N2,False
2atrqSKZXz.npy,N2,True
a9lV9eKPgB.npy,N2,False
5RZKhshE1x.npy,N2,False
1B21OEKcar.npy,N2,False
axASugcrav.npy,N2,False
NZkK9dQu4R.npy,N2,False
DXMa6FLpy5.npy,N2,False
kdRdo9B1z7.npy,N2,True
kcMGoagT5T.npy,N2,False
vups0vOzZV.npy,N2,False
jxNju71YJb.npy,N2,False
kCtiawWkhP.npy,N2,False
mMsf6GLlyb.npy,N2,False
ac0oFGl91B.npy,R,False
TiKEnqb7ER.npy,R,True
nrIolDxZdm.npy,R,True
ggSy2vXdG8.npy,R,False
Q91tyGVQxK.npy,R,False
nUY42F7FQC.npy,R,False
cuz1eM3a2f.npy,R,False
AIdVAldlgi.npy,R,False
qVbDJV28CX.npy,R,False
64BnVN7bnY.npy,R,True
X1hKju497g.npy,R,False
3wDOfEb4Yy.npy,R,False
mizo75HZEC.npy,R,False
pHAknPpJDr.npy,R,True
KUXSI6X3W2.npy,R,True
IW1X1XDZgw.npy,R,False
U167sEbgHY.npy,R,False
vHt8WS2MFa.npy,R,True
p5dT4r9pDj.npy,R,False
ACT0KjvHBl.npy,R,True
LzWj9EOPlK.npy,R,False
pfxhqrEJXk.npy,R,False
tt2VHwrb8I.npy,N2,True
l8BOg9CY06.npy,N2,False
xdXQddW9qR.npy,N2,False
SGiEvHsDH9.npy,N2,False
aBbzusghgW.npy,N2,False
loDYyMv7dY.npy,N2,False
TPENcRNJxB.npy,N2,True
rBLELL7rYW.npy,N2,False
gHbxgzQyP7.npy,N2,False
TumsKfdvQa.npy,N2,False
PKMqDqDGUC.npy,N2,False
FPeC6g3Spf.npy,N2,False
v3IDIO4CyG.npy,N2,False
PNYXqcNYSX.npy,N2,True
DEPe5mzJkp.npy,N2,False
p42GQbItPc.npy,N2,True
NSdwXnG5fd.npy,W,True
FzeizuvgtF.npy,R,True
IOoqrO7F7C.npy,R,False
Gp5MgcurXW.npy,R,False
COrdsUHO1S.npy,R,False
nDBPQF7DDa.npy,R,True
fTvywqDgPx.npy,R,False
KbVcJTtTFf.npy,R,False
EKZD1gvbUd.npy,R,False
MTeNJgtCWO.npy,R,False
d888CZhdt7.npy,N2,False
NFvZmTK2Zx.npy,N2,True
llwL11Hxtn.npy,N1,False
TeG4A9CVzx.npy,N2,True
VdsvIJMvm3.npy,N2,False
GzvGez9xOa.npy,N2,True
s8YKCrmnI6.npy,N2,False
U2QspEc624.npy,N2,False
7ZYKEm76vT.npy,N2,True
8EwaUlgxxa.npy,N2,False
D9f5Qn6MN5.npy,N2,True
87Lo5aV1LV.npy,N2,False
OJ76P9r6CE.npy,N2,False
hWsE7YBhvy.npy,N2,False
ShminBqawb.npy,N2,False
OgjWBvKR84.npy,N2,True
Ctm51wQsyX.npy,N2,True
PECh8mET4c.npy,N2,False
Z7wzXGQurW.npy,N2,False
ea97u70lK3.npy,N2,False
7OKQmvIVtq.npy,N2,True
1oSniPKpKg.npy,N2,True
2WvD62AlDk.npy,N2,True
RPHIl1yDGV.npy,N2,False
yF32Ta59a0.npy,N3,False
6bnHqpDORg.npy,N3,False
oIdM0hsuwF.npy,R,False
d095x5d6jM.npy,R,False
EOhw4zrFJa.npy,R,False
xVNOaTAkRe.npy,R,False
WhOrLy0O8t.npy,R,False
ePKfo1swvL.npy,R,False
LsNGfkr1D6.npy,R,False
ytY63Ybm2U.npy,R,False
7xGXnCHsNV.npy,W,False
dEUaqCJDZt.npy,W,True
rGlBWlAUAm.npy,W,True
ylGrNss9S8.npy,N1,True
gRHx3jb6Ll.npy,N2,True
LnvLhDBkYE.npy,N3,False
5Fo7fOXBTh.npy,N3,False
pUdQcWrEUT.npy,N3,True
sRPWMNp5yV.npy,N3,False
fEprip81C5.npy,N3,False
0FxEdg4KMB.npy,N3,True
WXz3HvRjUJ.npy,N3,False
320UA5DgRy.npy,N3,False
3P47JJWkCT.npy,N3,False
pHTOxZN9D9.npy,N3,False
ltIZQZi5eH.npy,N3,False
gS7HrgJ4FF.npy,N3,True
oXJTVxB51I.npy,N3,True
MxXYSH3pVF.npy,N3,False
N6Tc3EQjDG.npy,N3,True
yG9p4fCX89.npy,N3,True
6LY0Rw4IGs.npy,N3,False
RT0LFBi7DF.npy,N3,False
JW7orWaSJo.npy,N3,True
8l8KH82g9H.npy,N3,False
LVQYiISzEV.npy,N3,False
4L6vwO4D6O.npy,N3,False
5chi9OAKaV.npy,N3,False
YkCs6Q9wiv.npy,N3,False
h1waqVdC01.npy,N3,True
qsTSnlLfsP.npy,N3,False
nn1WNR1fzE.npy,N3,False
DhWV5lknH4.npy,N3,False
m4e6JEzJI9.npy,N2,False
MsW1awDWUY.npy,N2,False
PV1fjJMjte.npy,W,False
6M7SX8zB9U.npy,N2,False
rQRcYUpE3C.npy,N2,True
mTaoTrFpSh.npy,N2,True
PgHMAvsfa2.npy,N2,False
DzMuJzaChl.npy,N2,True
NSKl3eo7lP.npy,N2,True
FzuLpiCPjw.npy,N3,True
4l2VOLHuRy.npy,N3,False
O4haFfSHUz.npy,N3,True
dmBrXKKFgd.npy,N3,False
8wmKpE2rBb.npy,N3,False
j6tIscQpzq.npy,N3,False
N2bGFxLNI1.npy,N3,False
KL8j8xaCjc.npy,N3,True
4V0CJdoT2S.npy,N3,False
6wHZvCeLz0.npy,N3,False
zalUBVFTGd.npy,N3,False
zHzkQ13G4c.npy,N3,False
rB2i036FMW.npy,N3,False
vHNdmm7gIK.npy,N2,False
95Mh56hqri.npy,N2,False
Vq4p4aAlBB.npy,R,False
T53CYmrH5A.npy,R,False
OSRgD4Z2yZ.npy,R,False
TROYOXX1tj.npy,N1,True
5LXKvZeFME.npy,N2,True
siwS386wPO.npy,N2,False
d7mn4vOlUD.npy,N2,False
bqFRmN95wH.npy,N2,False
622rRb3bLp.npy,N2,False
NkcAnZqIZd.npy,N2,False
LlHz1kQzV4.npy,N2,False
bRVNw11VY2.npy,N2,True
6Zu37CeJBe.npy,N2,False
qliOADYq2S.npy,N2,False
hspJv1NfpE.npy,N2,False
kSTVpIW1Aw.npy,N2,False
vFTZAgLPxS.npy,N2,True
R1jVFLKfAI.npy,N3,False
9ekxPQu3ZZ.npy,N3,False
nTQ1yGh96r.npy,N3,False
PvQgMzq3OV.npy,N3,False
szFTM2ncKL.npy,N3,False
NMe3tTko6r.npy,N3,False
PwHshvj1tM.npy,N1,False
TiV8VGqAZ4.npy,W,False
LuOQSiRlcj.npy,W,False
CI9odhDrNQ.npy,W,True
RyBrQORQp5.npy,N1,False
RvCEvZTVzz.npy,N1,False
p8oX4zDt3d.npy,N2,False
vLvijdJlcc.npy,N2,False
ApHwtt7VYG.npy,N2,False
fnVZzYifyG.npy,N2,True
aKrXJef6va.npy,N2,False
Dc2VvNLa3L.npy,N2,False
Rh0TPCQvU8.npy,N2,True
WqLfvfh1rZ.npy,N2,False
3GHapeHBc2.npy,N2,False
ZiymDVueJZ.npy,W,True
0bSst06dVf.npy,N2,False
CJUn3W4AM9.npy,N2,True
hd0e49fi3E.npy,N2,False
nGwjWGOrvz.npy,R,False
rYrkR3ME84.npy,R,False
xINciDYyMe.npy,R,True
xI3AprEXnF.npy,R,False
XWnwQzT8ug.npy,R,True
qiRnffnkJV.npy,R,False
Twww0SQiUx.npy,R,True
XaT1MF5dvB.npy,R,False
Iu4WgHp0wc.npy,R,False
8zV6phhapK.npy,R,False
2DCJYj4zIR.npy,R,True
KibOa6bTx4.npy,R,True
h7cZ6CDJyK.npy,R,False
tkCf0WyyFk.npy,R,False
U0CveQAe7b.npy,R,False
gpEN0XUz5q.npy,R,False
QFazvx8H43.npy,N2,True
xQKn16y5xS.npy,N2,False
JOFAB81ZOP.npy,N2,False
N72XTyLgOG.npy,W,False
AB0nuYNfa0.npy,N2,False
PlW8wwjF75.npy,N2,False
nCBHTTTKLz.npy,N2,False
fDrsRhi2v7.npy,N2,True
NAnbePMCus.npy,N2,False
TJtJMYmGly.npy,N2,False
cP5o5bXcgL.npy,N3,False
YnP2KWc1CI.npy,N3,False
A98TnCABy2.npy,N3,False
taBp3R9QFq.npy,N3,True
ARDv6Ln9Y0.npy,N3,False
78bWh2z1bd.npy,N3,True
Oi58lKDvJw.npy,N3,False
ItjQZSyRcl.npy,N3,True
KiOzIom7Yw.npy,N3,False
cJZeO8g4VT.npy,N3,True
WFZCp3Nmab.npy,N3,True
VVblonh2QO.npy,N3,True
AdiOqHAbPo.npy,N3,False
9xtgLwJ58h.npy,N3,False
oEgE0oX5Ns.npy,N3,True
ODPSJ06ayK.npy,N2,False
0l0yGvsJgc.npy,N2,False
44qT0PhVVo.npy,R,False
lr4y07JWyn.npy,R,True
miu3vpmK62.npy,R,True
tmbleAKGTO.npy,R,True
Ai5BOrmHk9.npy,R,False
usdIaHwejj.npy,R,True
2BpzBN4d14.npy,W,False
1KkHls9Wia.npy,N2,False
fRdTxfycyy.npy,N2,True
74qW9B9N3E.npy,N2,False
7JujuKXNel.npy,R,False
oh63JXw5VQ.npy,R,False
